"lemnaID","LIB","Name","New_name","Lat","Long","Category","Genotype","from","percGerm"
"MF_195","ILMX","MF195_2017","TB_setaria_16_0647","35.91453","-83.57986","Diversity","TB_setaria_16_0647","ILMX_ILMX_ILMX_ILMX",1
"MF_196","ILNF","MF196_2017","TB_setaria_16_0648","35.94196","-83.58418","Diversity","TB_setaria_16_0648","ILNF_ILNF_ILNF_ILNF",0.8
"MF_197","ILNN","MF197_2017","TB_setaria_16_0649","35.77479","-83.54218","Diversity","TB_setaria_16_0649","ILNN_ILNN_ILNN_ILNN",0.9
"MF_206","ILQF","MF206_2017","TB_setaria_16_0658","36.17611","-86.02213","Diversity","TB_setaria_16_0658","ILQF_ILQF_ILQF_ILQF",0.95
"MF_208","ILQN","MF208_2017","TB_setaria_16_0660","36.15294","-86.78809","Diversity","TB_setaria_16_0660","ILQN_ILQN_ILQN_ILQN",0.95
"PH_001","ILMP","PH_2016_001_2017","TB_setaria_16_0663","39.667021","-91.673365","Diversity","TB_setaria_16_0663","ILMP_ILMP_ILMP_ILMP",0.85
"PH_002","ILMY","PH_2016_002_2017","TB_setaria_16_0664","39.674129","-91.945821","Diversity","TB_setaria_16_0664","ILMY_ILMY_ILMY_ILMY",0.95
"PH_003","ILNG","PH_2016_003_2017","TB_setaria_16_0665","39.713657","-92.124012","Diversity","TB_setaria_16_0665","ILNG_ILNG_ILNG_ILNG",0.85
"PH_005","ILNY","PH_2016_005_2017","TB_setaria_16_0667","39.761834","-92.940955","Diversity","TB_setaria_16_0667","ILNY_ILNY_ILNY_ILNY",0.75
"PH_007","ILPP","PH_2016_007_2017","TB_setaria_16_0669","39.73497","-93.852486","Diversity","TB_setaria_16_0669","ILPP_ILPP_ILPP_ILPP",1
"PH_008","ILPY","PH_2016_008_2017","TB_setaria_16_0670","39.753293","-94.257685","Diversity","TB_setaria_16_0670","ILPY_ILPY_ILPY_ILPY",0.5
"PH_009","ILQG","PH_2016_009_2017","TB_setaria_16_0671","39.758214","-94.577249","Diversity","TB_setaria_16_0671","ILQG_ILQG_ILQG_ILQG",0.85
"PH_010","ILQP","PH_2016_010_2017","TB_setaria_16_0672","39.789828","-95.082571","Diversity","TB_setaria_16_0672","ILQP_ILQP_ILQP_ILQP",0.85
"PH_011","ILQY","PH_2016_011_2017","TB_setaria_16_0673","39.842954","-95.436777","Diversity","TB_setaria_16_0673","ILQY_ILQY_ILQY_ILQY",0.85
"PH_012","ILRG","PH_2016_012_2017","TB_setaria_16_0674","39.843731","-95.684448","Diversity","TB_setaria_16_0674","ILRG_ILRG_ILRG_ILRG",0.8
"PH_013","ILMQ","PH_2016_013_2017","TB_setaria_16_0675","39.841043","-95.990761","Diversity","TB_setaria_16_0675","ILMQ_ILMQ_ILMQ_ILMQ",0.9
"PH_014","ILMZ","PH_2016_014_2017","TB_setaria_16_0676","39.842163","-96.283816","Diversity","TB_setaria_16_0676","ILMZ_ILMZ_ILMZ_ILMZ",0.85
"PH_015","ILNH","PH_2016_015_2017","TB_setaria_16_0677","39.841633","-96.585083","Diversity","TB_setaria_16_0677","ILNH_ILNH_ILNH_ILNH",0.55
"PH_016","ILNQ","PH_2016_016_2017","TB_setaria_16_0678","39.841603","-96.632516","Diversity","TB_setaria_16_0678","ILNQ_ILNQ_ILNQ_ILNQ",1
"PH_017","ILNZ","PH_2016_017_2017","TB_setaria_16_0679","39.823201","-96.918713","Diversity","TB_setaria_16_0679","ILNZ_ILNZ_ILNZ_ILNZ",0.95
"PH_018","ILPH","PH_2016_018_2017","TB_setaria_16_0680","39.819722","-97.241021","Diversity","TB_setaria_16_0680","ILPH_ILPH_ILPH_ILPH",0.95
"PH_019","ILPQ","PH_2016_019_2017","TB_setaria_16_0681","39.813291","-97.518757","Diversity","TB_setaria_16_0681","ILPQ_ILPQ_ILPQ_ILPQ",0.95
"PH_020","ILPZ","PH_2016_020_2017","TB_setaria_16_0682","39.795043","-97.812391","Diversity","TB_setaria_16_0682","ILPZ_ILPZ_ILPZ_ILPZ",0.9
"PH_021","ILQH","PH_2016_021_2017","TB_setaria_16_0683","39.785189","-98.13892","Diversity","TB_setaria_16_0683","ILQH_ILQH_ILQH_ILQH",0.95
"PH_022","ILQQ","PH_2016_022_2017","TB_setaria_16_0684","39.785564","-98.448169","Diversity","TB_setaria_16_0684","ILQQ_ILQQ_ILQQ_ILQQ",0.8
"PH_023","ILQZ","PH_2016_023_2017","TB_setaria_16_0685","39.784543","-98.715851","Diversity","TB_setaria_16_0685","ILQZ_ILQZ_ILQZ_ILQZ",0.9
"PH_024","ILRH","PH_2016_024_2017","TB_setaria_16_0686","39.770926","-99.025652","Diversity","TB_setaria_16_0686","ILRH_ILRH_ILRH_ILRH",0.95
"PH_025","ILMR","PH_2016_025_2017","TB_setaria_16_0687","39.755067","-99.308215","Diversity","TB_setaria_16_0687","ILMR_ILMR_ILMR_ILMR",1
"PH_026","ILNA","PH_2016_026_2017","TB_setaria_16_0688","39.828473","-99.652691","Diversity","TB_setaria_16_0688","ILNA_ILNA_ILNA_ILNA",0.95
"PH_027","ILNI","PH_2016_027_2017","TB_setaria_16_0689","39.835129","-99.903063","Diversity","TB_setaria_16_0689","ILNI_ILNI_ILNI_ILNI",0.7
"PH_028","ILNR","PH_2016_028_2017","TB_setaria_16_0690","39.827595","-100.18425","Diversity","TB_setaria_16_0690","ILNR_ILNR_ILNR_ILNR",1
"PH_029","ILPA","PH_2016_029_2017","TB_setaria_16_0691","39.829136","-100.509343","Diversity","TB_setaria_16_0691","ILPA_ILPA_ILPA_ILPA",0.95
"PH_030","ILPI","PH_2016_030_2017","TB_setaria_16_0692","40.019842","-100.571472","Diversity","TB_setaria_16_0692","ILPI_ILPI_ILPI_ILPI",1
"PH_031","ILPR","PH_2016_031_2017","TB_setaria_16_0693","40.198953","-100.671709","Diversity","TB_setaria_16_0693","ILPR_ILPR_ILPR_ILPR",0.95
"PH_033","ILQI","PH_2016_033_2017","TB_setaria_16_0695","40.151886","-101.200659","Diversity","TB_setaria_16_0695","ILQI_ILQI_ILQI_ILQI",0.6
"PH_034","ILQR","PH_2016_034_2017","TB_setaria_16_0696","40.081354","-101.483822","Diversity","TB_setaria_16_0696","ILQR_ILQR_ILQR_ILQR",1
"PH_035","ILRA","PH_2016_035_2017","TB_setaria_16_0697","39.858276","-101.540812","Diversity","TB_setaria_16_0697","ILRA_ILRA_ILRA_ILRA",1
"PH_036","ILRI","PH_2016_036_2017","TB_setaria_16_0698","39.760317","-101.711428","Diversity","TB_setaria_16_0698","ILRI_ILRI_ILRI_ILRI",0.9
"PH_037","ILMS","PH_2016_037_2017","TB_setaria_16_0699","39.851203","-101.880408","Diversity","TB_setaria_16_0699","ILMS_ILMS_ILMS_ILMS",0.9
"PH_038","ILNB","PH_2016_038_2017","TB_setaria_16_0700","40.014368","-101.950651","Diversity","TB_setaria_16_0700","ILNB_ILNB_ILNB_ILNB",0.95
"PH_039","ILNJ","PH_2016_039_2017","TB_setaria_16_0701","40.077939","-102.244308","Diversity","TB_setaria_16_0701","ILNJ_ILNJ_ILNJ_ILNJ",1
"PH_040","ILNS","PH_2016_040_2017","TB_setaria_16_0702","40.104936","-102.499854","Diversity","TB_setaria_16_0702","ILNS_ILNS_ILNS_ILNS",1
"PH_041","ILPB","PH_2016_041_2017","TB_setaria_16_0703","40.132677","-102.762432","Diversity","TB_setaria_16_0703","ILPB_ILPB_ILPB_ILPB",1
"PH_042","ILPJ","PH_2016_042_2017","TB_setaria_16_0704","40.15567","-103.040021","Diversity","TB_setaria_16_0704","ILPJ_ILPJ_ILPJ_ILPJ",0.95
"PH_043","ILPS","PH_2016_043_2017","TB_setaria_16_0705","40.200365","-103.322351","Diversity","TB_setaria_16_0705","ILPS_ILPS_ILPS_ILPS",1
"PH_044","ILQB","PH_2016_044_2017","TB_setaria_16_0706","40.260438","-103.59949","Diversity","TB_setaria_16_0706","ILQB_ILQB_ILQB_ILQB",0.85
"PH_045","ILQJ","PH_2016_045_2017","TB_setaria_16_0707","40.254247","-103.880092","Diversity","TB_setaria_16_0707","ILQJ_ILQJ_ILQJ_ILQJ",0.85
"PH_046","ILQS","PH_2016_046_2017","TB_setaria_16_0708","40.292456","-104.177974","Diversity","TB_setaria_16_0708","ILQS_ILQS_ILQS_ILQS",0.65
"PH_047","ILRB","PH_2016_047_2017","TB_setaria_16_0709","40.32416","-104.407984","Diversity","TB_setaria_16_0709","ILRB_ILRB_ILRB_ILRB",0.85
"PH_048","ILRJ","PH_2016_048_2017","TB_setaria_16_0710","40.524713","-104.711266","Diversity","TB_setaria_16_0710","ILRJ_ILRJ_ILRJ_ILRJ",0.5
"PH_050","ILNC","PH_2016_050_2017","TB_setaria_16_0712","40.841371","-104.96485","Diversity","TB_setaria_16_0712","ILNC_ILNC_ILNC_ILNC",0.6
"PH_051","ILNK","PH_2016_051_2017","TB_setaria_16_0713","41.036005","-104.897197","Diversity","TB_setaria_16_0713","ILNK_ILNK_ILNK_ILNK",0.6
"PH_052","ILNT","PH_2016_052_2017","TB_setaria_16_0714","41.407684","-104.873221","Diversity","TB_setaria_16_0714","ILNT_ILNT_ILNT_ILNT",1
"PH_054","ILPK","PH_2016_054_2017","TB_setaria_16_0716","41.962584","-104.950196","Diversity","TB_setaria_16_0716","ILPK_ILPK_ILPK_ILPK",0.9
"PH_055","ILPT","PH_2016_055_2017","TB_setaria_16_0717","42.264712","-105.038564","Diversity","TB_setaria_16_0717","ILPT_ILPT_ILPT_ILPT",0.9
"PH_056","ILQC","PH_2016_056_2017","TB_setaria_16_0718","42.502063","-105.026111","Diversity","TB_setaria_16_0718","ILQC_ILQC_ILQC_ILQC",0.8
"PH_057","ILQK","PH_2016_057_2017","TB_setaria_16_0719","42.26971","-104.754017","Diversity","TB_setaria_16_0719","ILQK_ILQK_ILQK_ILQK",0.9
"PH_060","ILRK","PH_2016_060_2017","TB_setaria_16_0722","41.997044","-104.040767","Diversity","TB_setaria_16_0722","ILRK_ILRK_ILRK_ILRK",0.55
"PH_061","ILMU","PH_2016_061_2017","TB_setaria_16_0723","41.942507","-103.818446","Diversity","TB_setaria_16_0723","ILMU_ILMU_ILMU_ILMU",0.95
"PH_062","ILND","PH_2016_062_2017","TB_setaria_16_0724","41.866634","-103.640786","Diversity","TB_setaria_16_0724","ILND_ILND_ILND_ILND",0.95
"PH_063","ILNL","PH_2016_063_2017","TB_setaria_16_0725","41.644431","-103.676548","Diversity","TB_setaria_16_0725","ILNL_ILNL_ILNL_ILNL",0.85
"PH_064","ILNU","PH_2016_064_2017","TB_setaria_16_0726","41.473098","-103.658896","Diversity","TB_setaria_16_0726","ILNU_ILNU_ILNU_ILNU",0.85
"PH_065","ILPD","PH_2016_065_2017","TB_setaria_16_0727","41.266212","-103.64844","Diversity","TB_setaria_16_0727","ILPD_ILPD_ILPD_ILPD",1
"PH_066","ILPL","PH_2016_066_2017","TB_setaria_16_0728","41.009355","-103.687966","Diversity","TB_setaria_16_0728","ILPL_ILPL_ILPL_ILPL",0.9
"PH_068","ILQD","PH_2016_068_2017","TB_setaria_16_0730","40.610691","-103.543916","Diversity","TB_setaria_16_0730","ILQD_ILQD_ILQD_ILQD",0.5
"PH_069","ILQL","PH_2016_069_2017","TB_setaria_16_0731","40.623491","-103.265993","Diversity","TB_setaria_16_0731","ILQL_ILQL_ILQL_ILQL",0.8
"PH_070","ILQU","PH_2016_070_2017","TB_setaria_16_0732","40.62489","-103.23191","Diversity","TB_setaria_16_0732","ILQU_ILQU_ILQU_ILQU",0.9
"PH_071","ILRD","PH_2016_071_2017","TB_setaria_16_0733","41.14328","-102.990926","Diversity","TB_setaria_16_0733","ILRD_ILRD_ILRD_ILRD",0.75
"PH_072","ILRL","PH_2016_072_2017","TB_setaria_16_0734","41.319004","-102.97203","Diversity","TB_setaria_16_0734","ILRL_ILRL_ILRL_ILRL",0.9
"PH_073","ILMW","PH_2016_073_2017","TB_setaria_16_0735","41.535813","-102.984406","Diversity","TB_setaria_16_0735","ILMW_ILMW_ILMW_ILMW",0.95
"PH_074","ILNE","PH_2016_074_2017","TB_setaria_16_0736","41.695933","-103.107001","Diversity","TB_setaria_16_0736","ILNE_ILNE_ILNE_ILNE",0.8
"PH_075","ILNM","PH_2016_075_2017","TB_setaria_16_0737","41.884539","-103.090009","Diversity","TB_setaria_16_0737","ILNM_ILNM_ILNM_ILNM",0.7
"PH_076","ILNW","PH_2016_076_2017","TB_setaria_16_0738","42.055666","-102.907971","Diversity","TB_setaria_16_0738","ILNW_ILNW_ILNW_ILNW",0.95
"PH_078","ILPM","PH_2016_078_2017","TB_setaria_16_0740","42.53958","-102.968572","Diversity","TB_setaria_16_0740","ILPM_ILPM_ILPM_ILPM",0.95
"PH_079","ILPW","PH_2016_079_2017","TB_setaria_16_0741","42.740696","-103.007467","Diversity","TB_setaria_16_0741","ILPW_ILPW_ILPW_ILPW",1
"PH_082","ILQM","PH_2016_082_2017","TB_setaria_16_0744","43.188325","-102.982081","Diversity","TB_setaria_16_0744","ILQM_ILQM_ILQM_ILQM",0.7
"PH_083","ILQW","PH_2016_083_2017","TB_setaria_16_0745","43.18402","-102.728218","Diversity","TB_setaria_16_0745","ILQW_ILQW_ILQW_ILQW",0.9
"PH_084","ILRE","PH_2016_084_2017","TB_setaria_16_0746","43.026249","-102.557715","Diversity","TB_setaria_16_0746","ILRE_ILRE_ILRE_ILRE",0.95
"PH_085","ILRM","PH_2016_085_2017","TB_setaria_16_0747","42.853979","-102.530208","Diversity","TB_setaria_16_0747","ILRM_ILRM_ILRM_ILRM",0.85
"PH_086","ILRN","PH_2016_086_2017","TB_setaria_16_0748","42.722656","-102.439132","Diversity","TB_setaria_16_0748","ILRN_ILRN_ILRN_ILRN",0.9
"PH_087","ILRX","PH_2016_087_2017","TB_setaria_16_0749","42.799418","-102.20313","Diversity","TB_setaria_16_0749","ILRX_ILRX_ILRX_ILRX",0.9
"PH_089","ILSN","PH_2016_089_2017","TB_setaria_16_0751","42.999706","-102.214662","Diversity","TB_setaria_16_0751","ILSN_ILSN_ILSN_ILSN",0.95
"PH_092","ILTN","PH_2016_092_2017","TB_setaria_16_0754","42.996313","-101.714131","Diversity","TB_setaria_16_0754","ILTN_ILTN_ILTN_ILTN",0.9
"PH_093","ILTX","PH_2016_093_2017","TB_setaria_16_0755","42.820062","-101.69546","Diversity","TB_setaria_16_0755","ILTX_ILTX_ILTX_ILTX",0.95
"PH_094","ILUF","PH_2016_094_2017","TB_setaria_16_0756","42.630569","-101.714035","Diversity","TB_setaria_16_0756","ILUF_ILUF_ILUF_ILUF",1
"PH_096","ILUX","PH_2016_096_2017","TB_setaria_16_0758","42.267355","-101.72124","Diversity","TB_setaria_16_0758","ILUX_ILUX_ILUX_ILUX",1
"PH_097","ILWF","PH_2016_097_2017","TB_setaria_16_0759","42.05908","-101.750973","Diversity","TB_setaria_16_0759","ILWF_ILWF_ILWF_ILWF",1
"PH_098","ILRP","PH_2016_098_2017","TB_setaria_16_0760","42.000811","-101.763057","Diversity","TB_setaria_16_0760","ILRP_ILRP_ILRP_ILRP",0.95
"PH_099","ILRY","PH_2016_099_2017","TB_setaria_16_0761","41.810925","-101.757999","Diversity","TB_setaria_16_0761","ILRY_ILRY_ILRY_ILRY",0.95
"PH_100","ILSG","PH_2016_100_2017","TB_setaria_16_0762","41.624091","-101.694697","Diversity","TB_setaria_16_0762","ILSG_ILSG_ILSG_ILSG",0.9
"PH_101","ILSP","PH_2016_101_2017","TB_setaria_16_0763","41.593503","-101.496454","Diversity","TB_setaria_16_0763","ILSP_ILSP_ILSP_ILSP",0.85
"PH_102","ILSY","PH_2016_102_2017","TB_setaria_16_0764","41.555563","-101.31065","Diversity","TB_setaria_16_0764","ILSY_ILSY_ILSY_ILSY",1
"PH_103","ILTG","PH_2016_103_2017","TB_setaria_16_0765","41.54893","-101.026442","Diversity","TB_setaria_16_0765","ILTG_ILTG_ILTG_ILTG",1
"PH_105","ILTY","PH_2016_105_2017","TB_setaria_16_0767","41.273855","-100.837089","Diversity","TB_setaria_16_0767","ILTY_ILTY_ILTY_ILTY",0.9
"PH_106","ILUG","PH_2016_106_2017","TB_setaria_16_0768","41.147192","-100.760402","Diversity","TB_setaria_16_0768","ILUG_ILUG_ILUG_ILUG",0.85
"PH_107","ILUP","PH_2016_107_2017","TB_setaria_16_0769","41.315222","-100.616911","Diversity","TB_setaria_16_0769","ILUP_ILUP_ILUP_ILUP",0.9
"PH_108","ILUY","PH_2016_108_2017","TB_setaria_16_0770","41.480414","-100.501814","Diversity","TB_setaria_16_0770","ILUY_ILUY_ILUY_ILUY",1
"PH_109","ILWG","PH_2016_109_2017","TB_setaria_16_0771","41.684815","-100.512623","Diversity","TB_setaria_16_0771","ILWG_ILWG_ILWG_ILWG",0.8
"PH_110","ILRQ","PH_2016_110_2017","TB_setaria_16_0772","41.874572","-100.559012","Diversity","TB_setaria_16_0772","ILRQ_ILRQ_ILRQ_ILRQ",1
"PH_111","ILRZ","PH_2016_111_2017","TB_setaria_16_0773","42.058313","-100.540794","Diversity","TB_setaria_16_0773","ILRZ_ILRZ_ILRZ_ILRZ",0.85
"PH_112","ILSH","PH_2016_112_2017","TB_setaria_16_0774","42.281934","-100.536517","Diversity","TB_setaria_16_0774","ILSH_ILSH_ILSH_ILSH",0.9
"PH_113","ILSQ","PH_2016_113_2017","TB_setaria_16_0775","42.506558","-100.536879","Diversity","TB_setaria_16_0775","ILSQ_ILSQ_ILSQ_ILSQ",0.95
"PH_114","ILSZ","PH_2016_114_2017","TB_setaria_16_0776","42.713586","-100.536121","Diversity","TB_setaria_16_0776","ILSZ_ILSZ_ILSZ_ILSZ",0.95
"PH_115","ILTH","PH_2016_115_2017","TB_setaria_16_0777","42.75272","-100.419421","Diversity","TB_setaria_16_0777","ILTH_ILTH_ILTH_ILTH",0.9
"PH_117","ILTZ","PH_2016_117_2017","TB_setaria_16_0779","42.559929","-99.948055","Diversity","TB_setaria_16_0779","ILTZ_ILTZ_ILTZ_ILTZ",0.9
"PH_118","ILUH","PH_2016_118_2017","TB_setaria_16_0780","42.557282","-99.644374","Diversity","TB_setaria_16_0780","ILUH_ILUH_ILUH_ILUH",0.75
"PH_119","ILUQ","PH_2016_119_2017","TB_setaria_16_0781","42.591228","-99.362407","Diversity","TB_setaria_16_0781","ILUQ_ILUQ_ILUQ_ILUQ",0.95
"PH_120","ILUZ","PH_2016_120_2017","TB_setaria_16_0782","42.594233","-99.323683","Diversity","TB_setaria_16_0782","ILUZ_ILUZ_ILUZ_ILUZ",0.9
"PH_121","ILWH","PH_2016_121_2017","TB_setaria_16_0783","42.579605","-99.0997","Diversity","TB_setaria_16_0783","ILWH_ILWH_ILWH_ILWH",0.95
"PH_122","ILRR","PH_2016_122_2017","TB_setaria_16_0784","42.480801","-98.867512","Diversity","TB_setaria_16_0784","ILRR_ILRR_ILRR_ILRR",0.85
"PH_123","ILSA","PH_2016_123_2017","TB_setaria_16_0785","42.447334","-98.624701","Diversity","TB_setaria_16_0785","ILSA_ILSA_ILSA_ILSA",0.8
"PH_124","ILSI","PH_2016_124_2017","TB_setaria_16_0786","42.335626","-98.456099","Diversity","TB_setaria_16_0786","ILSI_ILSI_ILSI_ILSI",0.9
"PH_125","ILSR","PH_2016_125_2017","TB_setaria_16_0787","42.335098","-98.174002","Diversity","TB_setaria_16_0787","ILSR_ILSR_ILSR_ILSR",1
"PH_127","ILTI","PH_2016_127_2017","TB_setaria_16_0789","42.359665","-97.582196","Diversity","TB_setaria_16_0789","ILTI_ILTI_ILTI_ILTI",1
"PH_129","ILUA","PH_2016_129_2017","TB_setaria_16_0791","42.46707","-97.050815","Diversity","TB_setaria_16_0791","ILUA_ILUA_ILUA_ILUA",0.7
"PH_130","ILUI","PH_2016_130_2017","TB_setaria_16_0792","42.472099","-96.815001","Diversity","TB_setaria_16_0792","ILUI_ILUI_ILUI_ILUI",0.95
"PH_131","ILUR","PH_2016_131_2017","TB_setaria_16_0793","42.475057","-96.629397","Diversity","TB_setaria_16_0793","ILUR_ILUR_ILUR_ILUR",0.95
"PH_132","ILWA","PH_2016_132_2017","TB_setaria_16_0794","42.475221","-96.289671","Diversity","TB_setaria_16_0794","ILWA_ILWA_ILWA_ILWA",0.95
"PH_133","ILWI","PH_2016_133_2017","TB_setaria_16_0795","42.475444","-96.179647","Diversity","TB_setaria_16_0795","ILWI_ILWI_ILWI_ILWI",0.85
"PH_134","ILRS","PH_2016_134_2017","TB_setaria_16_0796","42.482356","-95.931129","Diversity","TB_setaria_16_0796","ILRS_ILRS_ILRS_ILRS",1
"PH_135","ILSB","PH_2016_135_2017","TB_setaria_16_0797","42.465662","-95.805842","Diversity","TB_setaria_16_0797","ILSB_ILSB_ILSB_ILSB",0.65
"PH_136","ILSJ","PH_2016_136_2017","TB_setaria_16_0798","42.474849","-95.5218","Diversity","TB_setaria_16_0798","ILSJ_ILSJ_ILSJ_ILSJ",0.9
"PH_137","ILSS","PH_2016_137_2017","TB_setaria_16_0799","42.474671","-95.224945","Diversity","TB_setaria_16_0799","ILSS_ILSS_ILSS_ILSS",0.5
"PH_139","ILTJ","PH_2016_139_2017","TB_setaria_16_0801","42.450066","-94.69409","Diversity","TB_setaria_16_0801","ILTJ_ILTJ_ILTJ_ILTJ",0.85
"PH_140","ILTS","PH_2016_140_2017","TB_setaria_16_0802","42.459593","-93.816204","Diversity","TB_setaria_16_0802","ILTS_ILTS_ILTS_ILTS",0.85
"PH_141","ILUB","PH_2016_141_2017","TB_setaria_16_0803","41.590154","-93.606684","Diversity","TB_setaria_16_0803","ILUB_ILUB_ILUB_ILUB",1
"PH_143","ILUS","PH_2016_143_2017","TB_setaria_16_0805","41.646675","-93.696149","Diversity","TB_setaria_16_0805","ILUS_ILUS_ILUS_ILUS",0.7
"PH_144","ILWB","PH_2016_144_2017","TB_setaria_16_0806","41.59822","-93.491424","Diversity","TB_setaria_16_0806","ILWB_ILWB_ILWB_ILWB",0.7
"PH_145","ILWJ","PH_2016_145_2017","TB_setaria_16_0807","41.473581","-93.04155","Diversity","TB_setaria_16_0807","ILWJ_ILWJ_ILWJ_ILWJ",0.9
"PH_146","ILRT","PH_2016_146_2017","TB_setaria_16_0808","41.389163","-92.905488","Diversity","TB_setaria_16_0808","ILRT_ILRT_ILRT_ILRT",1
"PH_147","ILSC","PH_2016_147_2017","TB_setaria_16_0809","41.140103","-92.599065","Diversity","TB_setaria_16_0809","ILSC_ILSC_ILSC_ILSC",1
"PH_149","ILST","PH_2016_149_2017","TB_setaria_16_0811","40.208708","-92.580745","Diversity","TB_setaria_16_0811","ILST_ILST_ILST_ILST",0.95
"PH_150","ILTC","PH_2016_150_2017","TB_setaria_16_0812","#N/A","#N/A","Diversity","TB_setaria_16_0812","ILTC_ILTC_ILTC_ILTC",0.95
"TB_setaria_12_0003","AGTYN","Kellogg_1186","TB_setaria_12_0003","38.64672222","-90.25205556","Diversity","TB_0003","AGTYN_AGTYN_AGTYN_AGTYN",0.8
"TB_setaria_12_0017","AGTWO","Kellogg_1206-1","TB_setaria_12_0017","40.03088889","-82.44852778","Diversity","TB_0017","AGTWO_AGTWO_AGTWO_AGTWO",0.85
"TB_setaria_12_0023","OBXH","1212-1","TB_setaria_12_0023","42.89125","-70.87152778","Diversity","TB_0023","OBXH_OBXH_OBXH_OBXH",0.75
"TB_setaria_12_0031","AGTWT","Kellogg_1222-1","TB_setaria_12_0031","39.66022222","-79.777","Diversity","TB_0031","AGTWT_AGTWT_AGTWT_AGTWT",0.9
"TB_setaria_12_0035","AGTWW","Kellogg_1226-1","TB_setaria_12_0035","39.1925","-82.26936111","Diversity","TB_0035","AGTWW_AGTWW_AGTWW_AGTWW",0.5
"TB_setaria_12_0046","AGTWY","Ahart_17139-1","TB_setaria_12_0046","41.17225","-121.0237778","Diversity","TB_0046","AGTWY_AGTWY_AGTWY_AGTWY",0.95
"TB_setaria_12_0052","OBXP","P4","TB_setaria_12_0052","36.02544444","-86.34844444","Diversity","TB_0052","OBXP_OBXP_OBXP_OBXP",0.25
"TB_setaria_12_0063","AGTXO","Waselkov_Vandalia-1","TB_setaria_12_0063","38.96068333","-89.08911666","Diversity","TB_0063","AGTXO_AGTXO_AGTXO_AGTXO",0.45
"TB_setaria_12_0095","OBXS","80-1","TB_setaria_12_0095","44.72692","-83.82033","Diversity","TB_0095","OBXS_OBXS_OBXS_OBXS",0.95
"TB_setaria_12_0097","AGTXU","Vela_82-2","TB_setaria_12_0097","45.10855","-84.16644","Diversity","TB_0097","AGTXU_AGTXU_AGTXU_AGTXU",1
"TB_setaria_12_0100","AGTYY","Vela_85","TB_setaria_12_0100","44.56634","-85.30292","Diversity","TB_0100","AGTYY_AGTYY_AGTYY_AGTYY",0.8
"TB_setaria_12_0101","AGTXW","Vela_86-1","TB_setaria_12_0101","44.55565","-85.30321","Diversity","TB_0101","AGTXW_AGTXW_AGTXW_AGTXW",0.85
"TB_setaria_12_0103","AGTXX","Vela_88-1","TB_setaria_12_0103","43.88811","-85.53082","Diversity","TB_0103","AGTXX_AGTXX_AGTXX_AGTXX",0.9
"TB_setaria_12_0104","AGTXY","Vela_89-1","TB_setaria_12_0104","43.0399","-85.66358","Diversity","TB_0104","AGTXY_AGTXY_AGTXY_AGTXY",0.3
"TB_setaria_12_0107","AGTXZ","Vela_92-1","TB_setaria_12_0107","42.26154","-85.1962","Diversity","TB_0107","AGTXZ_AGTXZ_AGTXZ_AGTXZ",0.7
"TB_setaria_12_0109","AGTYB","Vela_94-1","TB_setaria_12_0109","41.02773","-85.26348","Diversity","TB_0109","AGTYB_AGTYB_AGTYB_AGTYB",0.75
"TB_setaria_12_0122","AGTYG","Estep_ME011-2","TB_setaria_12_0122","43.44701","-93.35497","Diversity","TB_0122","AGTYG_AGTYG_AGTYG_AGTYG",0.95
"TB_setaria_12_0123","XCGA","Estep_ME012-1","TB_setaria_12_0123","44.28409","-93.29373","Diversity","TB_0123","XCGA_XCGA_XCGA_XCGA",0.1
"TB_setaria_12_0124","XCGB","Estep_ME013-3","TB_setaria_12_0124","45.55244","-94.22726","Diversity","TB_0124","XCGB_XCGB_XCGB_XCGB",1
"TB_setaria_12_0125","XCGC","Estep_ME014-1","TB_setaria_12_0125","46.03728","-95.83433","Diversity","TB_0125","XCGC_XCGC_XCGC_XCGC",1
"TB_setaria_12_0127","UAWZ","ME016","TB_setaria_12_0127","47.24074","-97.01051","Diversity","TB_0127","UAWZ_UAWZ_UAWZ_UAWZ",0.55
"TB_setaria_12_0128","XCGG","Estep_ME017-1","TB_setaria_12_0128","49.19226","-98.47718","Diversity","TB_0128","XCGG_XCGG_XCGG_XCGG",0.9
"TB_setaria_12_0129","ACOYZ","Estep_ME018","TB_setaria_12_0129","49.38815","-99.31496","Diversity","TB_0129","ACOYZ_ACOYZ_ACOYZ_ACOYZ",0.9
"TB_setaria_12_0130","TCTH","ME019","TB_setaria_12_0130","49.40199","-98.83965","Diversity","TB_0130","TCTH_TCTH_TCTH_TCTH",0.9
"TB_setaria_12_0131","SYWN","ME020","TB_setaria_12_0131","49.59538","-98.86997","Diversity","TB_0131","SYWN_SYWN_SYWN_SYWN",0.85
"TB_setaria_12_0135","AGTZB","Estep_ME024V","TB_setaria_12_0135","49.62346","-98.76953","Diversity","TB_0135","AGTZB_AGTZB_AGTZB_AGTZB",0.85
"TB_setaria_12_0137","XCGP","Estep_ME026-1","TB_setaria_12_0137","49.65886","-98.80159","Diversity","TB_0137","XCGP_XCGP_XCGP_XCGP",0.9
"TB_setaria_12_0139","TCTN","ME028V","TB_setaria_12_0139","49.69464","-98.79431","Diversity","TB_0139","TCTN_TCTN_TCTN_TCTN",0.45
"TB_setaria_12_0146","XCGS","Estep_ME033V-1","TB_setaria_12_0146","49.68554","-98.61968","Diversity","TB_0146","XCGS_XCGS_XCGS_XCGS",0.6
"TB_setaria_12_0157","NYNA","ME044","TB_setaria_12_0157","49.49835","-98.04111","Diversity","TB_0157","NYNA_NYNA_NYNA_NYNA",0.95
"TB_setaria_12_0159","XCGU","Estep_ME046-1","TB_setaria_12_0159","49.50081","-98.02994","Diversity","TB_0159","XCGU_XCGU_XCGU_XCGU",0.9
"TB_setaria_12_0161","NYNB","ME048V","TB_setaria_12_0161","45.96494","-96.83842","Diversity","TB_0161","NYNB_NYNB_NYNB_NYNB",0.95
"TB_setaria_12_0165","XCGX","Estep_ME050V-1","TB_setaria_12_0165","44.66","-96.8174","Diversity","TB_0165","XCGX_XCGX_XCGX_XCGX",0.85
"TB_setaria_12_0167","XCGY","Estep_ME051V-1","TB_setaria_12_0167","43.90858","-96.75929","Diversity","TB_0167","XCGY_XCGY_XCGY_XCGY",0.85
"TB_setaria_12_0169","NYNC","ME052V","TB_setaria_12_0169","43.08312","-96.79729","Diversity","TB_0169","NYNC_NYNC_NYNC_NYNC",0.9
"TB_setaria_12_0204","TWUZ","#926","TB_setaria_12_0204","53.732873","78.033428","Diversity","TB_0204","TWUZ_TWUZ_TWUZ_TWUZ",0.95
"TB_setaria_12_0206","XCHG","TB_setaria_12_0206","TB_setaria_12_0206","56.223886","28.441429","Diversity","TB_0206","XCHG_XCHG_XCHG_XCHG",1
"TB_setaria_12_0212","TOSU","NA-4","TB_setaria_12_0212","54.768959","-101.85653","Diversity","TB_0212","TOSU_TOSU_TOSU_TOSU",0.85
"TB_setaria_12_0226","XTNH","TB_setaria_12_0226","TB_setaria_12_0226","39.491291","-119.80559","Diversity","TB_0226","XTNH_XTNH_XTNH_XTNH",0.95
"TB_setaria_12_0255","OBXU","PI_202407","TB_setaria_12_0255","-37.438","-72.2471","Diversity","TB_0255","OBXU_OBXU_OBXU_OBXU",0.55
"TB_setaria_12_0256","AGTZO","USDA_PI204624","TB_setaria_12_0256","38.838905","35.198078","Diversity","TB_0256","AGTZO_AGTZO_AGTZO_AGTZO",0.95
"TB_setaria_12_0260","AGTZS","USDA_PI204730","TB_setaria_12_0260","38.216604","35.050964","Diversity","TB_0260","AGTZS_AGTZS_AGTZS_AGTZS",1
"TB_setaria_12_0265","OBXW","PI_230135","TB_setaria_12_0265","35.762393","51.965275","Diversity","TB_0265","OBXW_OBXW_OBXW_OBXW",0.7
"TB_setaria_12_0266","AGTZT","USDA_PI408810","TB_setaria_12_0266","43.8482699","125.3073549","Diversity","TB_0266","AGTZT_AGTZT_AGTZT_AGTZT",1
"TB_setaria_12_0275","WZHN","MF6","TB_setaria_12_0275","46.74162","-118.22792","Diversity","TB_0275","WZHN_WZHN_WZHN_WZHN",0.45
"TB_setaria_12_0278","WZHO","MF9","TB_setaria_12_0278","47.10102","-119.2599","Diversity","TB_0278","WZHO_WZHO_WZHO_WZHO",0.8
"TB_setaria_12_0281","WZHS","MF12","TB_setaria_12_0281","47.37184","-120.13941","Diversity","TB_0281","WZHS_WZHS_WZHS_WZHS",0.75
"TB_setaria_12_0282","WZHT","MF13","TB_setaria_12_0282","47.46936","-120.33607","Diversity","TB_0282","WZHT_WZHT_WZHT_WZHT",0.9
"TB_setaria_12_0285","WZHW","MF16","TB_setaria_12_0285","46.69722","-120.44344","Diversity","TB_0285","WZHW_WZHW_WZHW_WZHW",0.5
"TB_setaria_12_0292","XGPA","MF23","TB_setaria_12_0292","46.46062","-117.01885","Diversity","TB_0292","XGPA_XGPA_XGPA_XGPA",0.55
"TB_setaria_12_0294","XGPB","MF25","TB_setaria_12_0294","46.33914","-117.04884","Diversity","TB_0294","XGPB_XGPB_XGPB_XGPB",0.7
"TB_setaria_12_0296","XGPC","MF27","TB_setaria_12_0296","46.04094","-117.25344","Diversity","TB_0296","XGPC_XGPC_XGPC_XGPC",0.95
"TB_setaria_12_0297","XGPG","MF28","TB_setaria_12_0297","45.55232","-117.24785","Diversity","TB_0297","XGPG_XGPG_XGPG_XGPG",0.55
"TB_setaria_12_0299","XGPN","MF30","TB_setaria_12_0299","45.2085","-117.86142","Diversity","TB_0299","XGPN_XGPN_XGPN_XGPN",0.7
"TB_setaria_12_0309","XGPW","MF40","TB_setaria_12_0309","43.83647","-116.94662","Diversity","TB_0309","XGPW_XGPW_XGPW_XGPW",0.8
"TB_setaria_12_0310","XGPX","MF41","TB_setaria_12_0310","43.44433","-116.57316","Diversity","TB_0310","XGPX_XGPX_XGPX_XGPX",0.95
"TB_setaria_12_0311","XGPY","MF42","TB_setaria_12_0311","43.50305","-116.4938","Diversity","TB_0311","XGPY_XGPY_XGPY_XGPY",0.3
"TB_setaria_12_0314","XGSB","MF45","TB_setaria_12_0314","42.93453","-114.78152","Diversity","TB_0314","XGSB_XGSB_XGSB_XGSB",0.85
"TB_setaria_12_0315","XGSC","MF46","TB_setaria_12_0315","42.72412","-114.49312","Diversity","TB_0315","XGSC_XGSC_XGSC_XGSC",0.7
"TB_setaria_12_0316","XGSG","MF47","TB_setaria_12_0316","42.66378","-114.2741","Diversity","TB_0316","XGSG_XGSG_XGSG_XGSG",0.65
"TB_setaria_12_0317","XGSH","MF48","TB_setaria_12_0317","42.50507","-113.4093","Diversity","TB_0317","XGSH_XGSH_XGSH_XGSH",0.3
"TB_setaria_12_0319","XGSO","MF50","TB_setaria_12_0319","41.55272","-112.06996","Diversity","TB_0319","XGSO_XGSO_XGSO_XGSO",0.8
"TB_setaria_12_0323","XGSS","MF54","TB_setaria_12_0323","41.412","-112.05254","Diversity","TB_0323","XGSS_XGSS_XGSS_XGSS",0.45
"TB_setaria_12_0333","XGTB","MF64","TB_setaria_12_0333","41.66185","-111.90003","Diversity","TB_0333","XGTB_XGTB_XGTB_XGTB",0.25
"TB_setaria_12_0334","XGTC","MF65","TB_setaria_12_0334","41.7434","-111.79655","Diversity","TB_0334","XGTC_XGTC_XGTC_XGTC",0.3
"TB_setaria_12_0335","XGTG","MF66","TB_setaria_12_0335","41.72233","-111.83573","Diversity","TB_0335","XGTG_XGTG_XGTG_XGTG",0.65
"TB_setaria_12_0336","XGTH","MF67","TB_setaria_12_0336","41.94046","-111.81351","Diversity","TB_0336","XGTH_XGTH_XGTH_XGTH",0.75
"TB_setaria_12_0337","XGTN","MF68","TB_setaria_12_0337","42.02792","-111.80898","Diversity","TB_0337","XGTN_XGTN_XGTN_XGTN",0.75
"TB_setaria_12_0339","XGTP","MF70","TB_setaria_12_0339","42.68338","-112.2363","Diversity","TB_0339","XGTP_XGTP_XGTP_XGTP",0.65
"TB_setaria_12_0341","XGTT","MF72","TB_setaria_12_0341","42.84663","-112.42219","Diversity","TB_0341","XGTT_XGTT_XGTT_XGTT",0.6
"TB_setaria_12_0347","XGUA","MF78","TB_setaria_12_0347","47.65565","-116.70348","Diversity","TB_0347","XGUA_XGUA_XGUA_XGUA",0.6
"TB_setaria_12_0348","XGUB","MF79","TB_setaria_12_0348","47.67236","-116.77063","Diversity","TB_0348","XGUB_XGUB_XGUB_XGUB",0.85
"TB_setaria_12_0352","XGUN","MF83","TB_setaria_12_0352","46.04811","-118.51066","Diversity","TB_0352","XGUN_XGUN_XGUN_XGUN",0.55
"TB_setaria_12_0353","XGUO","MF84","TB_setaria_12_0353","46.07269","-118.79476","Diversity","TB_0353","XGUO_XGUO_XGUO_XGUO",0.75
"TB_setaria_12_0354","XGUP","MF85","TB_setaria_12_0354","45.84015","-119.28967","Diversity","TB_0354","XGUP_XGUP_XGUP_XGUP",0.65
"TB_setaria_12_0355","XGUS","MF86","TB_setaria_12_0355","45.8271","-119.31114","Diversity","TB_0355","XGUS_XGUS_XGUS_XGUS",0.7
"TB_setaria_12_0358","XGUW","MF89","TB_setaria_12_0358","44.8774","-122.65508","Diversity","TB_0358","XGUW_XGUW_XGUW_XGUW",0.9
"TB_setaria_12_0362","XSHP","MF93","TB_setaria_12_0362","44.63194","-121.13349","Diversity","TB_0362","XSHP_XSHP_XSHP_XSHP",0.7
"TB_setaria_12_0363","XSHS","MF94","TB_setaria_12_0363","44.36109","-121.14068","Diversity","TB_0363","XSHS_XSHS_XSHS_XSHS",0.9
"TB_setaria_12_0366","XSHW","MF97","TB_setaria_12_0366","42.21199","-122.72852","Diversity","TB_0366","XSHW_XSHW_XSHW_XSHW",0.95
"TB_setaria_12_0368","XSHY","MF99","TB_setaria_12_0368","42.38066","-123.46179","Diversity","TB_0368","XSHY_XSHY_XSHY_XSHY",0.75
"TB_setaria_12_0381","XSNA","MF112","TB_setaria_12_0381","35.78482","-112.12958","Diversity","TB_0381","XSNA_XSNA_XSNA_XSNA",0.9
"TB_setaria_12_0407","AGTTW","Feldman_MF133","TB_setaria_12_0407","43.7157","-98.02695","Diversity","TB_0407","AGTTW_AGTTW_AGTTW_AGTTW",0.8
"TB_setaria_12_0409","AGTTX","Feldman_MF135","TB_setaria_12_0409","44.34158","-98.4577","Diversity","TB_0409","AGTTX_AGTTX_AGTTX_AGTTX",0.85
"TB_setaria_12_0411","AGTTZ","Feldman_MF137","TB_setaria_12_0411","45.488313","-98.523227","Diversity","TB_0411","AGTTZ_AGTTZ_AGTTZ_AGTTZ",0.9
"TB_setaria_12_0412","AGTUA","Feldman_MF138","TB_setaria_12_0412","45.83619","-98.51136","Diversity","TB_0412","AGTUA_AGTUA_AGTUA_AGTUA",0.65
"TB_setaria_12_0418","AGTUN","Feldman_MF144","TB_setaria_12_0418","46.83783","-100.5827","Diversity","TB_0418","AGTUN_AGTUN_AGTUN_AGTUN",0.95
"TB_setaria_12_0420","AGTUP","Feldman_MF146","TB_setaria_12_0420","46.86644","-101.82427","Diversity","TB_0420","AGTUP_AGTUP_AGTUP_AGTUP",0.9
"TB_setaria_12_0428","AGTUY","Feldman_MF154","TB_setaria_12_0428","46.29461","-103.92215","Diversity","TB_0428","AGTUY_AGTUY_AGTUY_AGTUY",0.75
"TB_setaria_12_0429","AGTUZ","Feldman_MF155","TB_setaria_12_0429","46.3681","-104.35066","Diversity","TB_0429","AGTUZ_AGTUZ_AGTUZ_AGTUZ",0.95
"TB_setaria_12_0433","AGTWC","Feldman_MF159","TB_setaria_12_0433","46.26244","-106.92829","Diversity","TB_0433","AGTWC_AGTWC_AGTWC_AGTWC",0.7
"TB_setaria_12_0434","AGTWG","Feldman_MF160","TB_setaria_12_0434","46.13985","-107.50673","Diversity","TB_0434","AGTWG_AGTWG_AGTWG_AGTWG",0.8
"TB_setaria_12_0441","AGYTT","Feldman_MF167","TB_setaria_12_0441","43.41328","-106.2771","Diversity","TB_0441","AGYTT_AGYTT_AGYTT_AGYTT",0.8
"TB_setaria_12_0444","AGYTU","Feldman_MF170","TB_setaria_12_0444","42.76134","-105.3903","Diversity","TB_0444","AGYTU_AGYTU_AGYTU_AGYTU",0.95
"TB_setaria_12_0446","AGYTX","Feldman_MF172","TB_setaria_12_0446","43.24482","-104.29449","Diversity","TB_0446","AGYTX_AGYTX_AGYTX_AGYTX",0.75
"TB_setaria_12_0447","AGYTY","Feldman_MF173","TB_setaria_12_0447","43.30425","-103.99532","Diversity","TB_0447","AGYTY_AGYTY_AGYTY_AGYTY",0.95
"TB_setaria_12_0449","AGYTZ","Feldman_MF175","TB_setaria_12_0449","43.41896","-103.55039","Diversity","TB_0449","AGYTZ_AGYTZ_AGYTZ_AGYTZ",0.25
"TB_setaria_12_0450","AGYUA","Feldman_MF176","TB_setaria_12_0450","43.41896","-103.55039","Diversity","TB_0450","AGYUA_AGYUA_AGYUA_AGYUA",0.1
"TB_setaria_12_0455","AGYUH","Feldman_MF181","TB_setaria_12_0455","44.1986","-103.352","Diversity","TB_0455","AGYUH_AGYUH_AGYUH_AGYUH",0.55
"TB_setaria_12_0456","AGYUN","Feldman_MF182","TB_setaria_12_0456","44.10248","-102.58799","Diversity","TB_0456","AGYUN_AGYUN_AGYUN_AGYUN",0.25
"TB_setaria_12_0460","AGYUS","Feldman_MF186","TB_setaria_12_0460","43.84993","-101.48285","Diversity","TB_0460","AGYUS_AGYUS_AGYUS_AGYUS",0.7
"TB_setaria_12_0475","XCBB","Huang_KS06_1","TB_setaria_12_0475","39.02866667","-96.79958333","Diversity","TB_0475","XCBB_XCBB_XCBB_XCBB",0.85
"TB_setaria_12_0477","XCBC","Huang_KS08_2","TB_setaria_12_0477","38.8796","-97.66806667","Diversity","TB_0477","XCBC_XCBC_XCBC_XCBC",0.65
"TB_setaria_12_0487","XCAH","Huang_CO01_2","TB_setaria_12_0487","39.2947","-102.4279333","Diversity","TB_0487","XCAH_XCAH_XCAH_XCAH",0.95
"TB_setaria_12_0488","XCAN","Huang_CO02_1","TB_setaria_12_0488","39.28693333","-103.0610833","Diversity","TB_0488","XCAN_XCAN_XCAN_XCAN",0.85
"TB_setaria_12_0490","XCAP","Huang_CO04_4","TB_setaria_12_0490","39.61408333","-104.0412833","Diversity","TB_0490","XCAP_XCAP_XCAP_XCAP",0.45
"TB_setaria_12_0491","XCAS","Huang_CO05_3","TB_setaria_12_0491","39.74061667","-104.6029167","Diversity","TB_0491","XCAS_XCAS_XCAS_XCAS",0.7
"TB_setaria_12_0492","XCAT","Huang_CO06_3","TB_setaria_12_0492","39.7044","-105.2503667","Diversity","TB_0492","XCAT_XCAT_XCAT_XCAT",0.8
"TB_setaria_12_0496","XCAX","Huang_CO10_1","TB_setaria_12_0496","39.18005","-108.2790667","Diversity","TB_0496","XCAX_XCAX_XCAX_XCAX",0.4
"TB_setaria_12_0508","XCCS","Huang_TX06_1","TB_setaria_12_0508","35.5323","-101.0826833","Diversity","TB_0508","XCCS_XCCS_XCCS_XCCS",0.85
"TB_setaria_12_0511","XCCB","Huang_OK01_3","TB_setaria_12_0511","36.15013333","-99.29741667","Diversity","TB_0511","XCCB_XCCB_XCCB_XCCB",0.2
"TB_setaria_12_0512","XCCA","Huang_OK02_3","TB_setaria_12_0512","36.27375","-99.3364","Diversity","TB_0512","XCCA_XCCA_XCCA_XCCA",0.75
"TB_setaria_12_0513","XCCC","Huang_OK03_1","TB_setaria_12_0513","36.43423333","-99.2065","Diversity","TB_0513","XCCC_XCCC_XCCC_XCCC",0.45
"TB_setaria_12_0530","AGTTC","Agnes_95.79","TB_setaria_12_0530","#N/A","#N/A","Diversity","TB_0530","AGTTC_AGTTC_AGTTC_AGTTC",0.75
"TB_setaria_12_0531","AGTTG","Agnes_96.79","TB_setaria_12_0531","#N/A","#N/A","Diversity","TB_0531","AGTTG_AGTTG_AGTTG_AGTTG",0.7
"TB_setaria_12_0534","AGYWN","Huang_VT-03-1","TB_setaria_12_0534","44.479131","-73.211135","Diversity","TB_0534","AGYWN_AGYWN_AGYWN_AGYWN",0.35
"TB_setaria_12_0544","AGYOP","12_0544","TB_setaria_12_0544","40.822207","-96.928115","Diversity","TB_0544","AGYOP_AGYOP_AGYOP_AGYOP",0.55
"TB_setaria_12_0546","AGYOS","12_0546","TB_setaria_12_0546","40.825496","-97.882997","Diversity","TB_0546","AGYOS_AGYOS_AGYOS_AGYOS",0.55
"TB_setaria_12_0549","AGYOU","12_0549","TB_setaria_12_0549","40.691555","-99.379261","Diversity","TB_0549","AGYOU_AGYOU_AGYOU_AGYOU",0.95
"TB_setaria_12_0550","AGYOW","12_0550","TB_setaria_12_0550","40.782704","-99.844425","Diversity","TB_0550","AGYOW_AGYOW_AGYOW_AGYOW",0.75
"TB_setaria_12_0551","AGYOX","12_0551","TB_setaria_12_0551","41.004507","-100.375773","Diversity","TB_0551","AGYOX_AGYOX_AGYOX_AGYOX",0.85
"TB_setaria_12_0554","AGYOZ","12_0554","TB_setaria_12_0554","41.118807","-101.574372","Diversity","TB_0554","AGYOZ_AGYOZ_AGYOZ_AGYOZ",0.45
"TB_setaria_12_0555","AGYPA","12_0555","TB_setaria_12_0555","41.050248","-102.069535","Diversity","TB_0555","AGYPA_AGYPA_AGYPA_AGYPA",0.6
"TB_setaria_12_0558","AGYPC","12_0558","TB_setaria_12_0558","41.221852","-103.49021","Diversity","TB_0558","AGYPC_AGYPC_AGYPC_AGYPC",0.9
"TB_setaria_12_0559","AGYPG","12_0559","TB_setaria_12_0559","41.184331","-104.042706","Diversity","TB_0559","AGYPG_AGYPG_AGYPG_AGYPG",0.1
"TB_setaria_12_0560","AGYPH","12_0560","TB_setaria_12_0560","41.129762","-104.824411","Diversity","TB_0560","AGYPH_AGYPH_AGYPH_AGYPH",0.55
"TB_setaria_12_0564","AGYPO","12_0564","TB_setaria_12_0564","40.462036","-109.534309","Diversity","TB_0564","AGYPO_AGYPO_AGYPO_AGYPO",0.95
"TB_setaria_12_0569","AGYPU","12_0569","TB_setaria_12_0569","39.592788","-107.767971","Diversity","TB_0569","AGYPU_AGYPU_AGYPU_AGYPU",0.15
"TB_setaria_12_0577","ACPBS","PH_2014_43","TB_setaria_12_0577","37.283112","-109.551803","Diversity","TB_0577","ACPBS_ACPBS_ACPBS_ACPBS",0.55
"TB_setaria_12_0580","AGYSB","12_0580","TB_setaria_12_0580","37.723846","-113.058836","Diversity","TB_0580","AGYSB_AGYSB_AGYSB_AGYSB",0.8
"TB_setaria_12_0582","AGYSG","12_0582","TB_setaria_12_0582","38.251452","-112.646696","Diversity","TB_0582","AGYSG_AGYSG_AGYSG_AGYSG",0.75
"TB_setaria_12_0586","AGYSH","12_0586","TB_setaria_12_0586","39.977355","-111.769355","Diversity","TB_0586","AGYSH_AGYSH_AGYSH_AGYSH",0.75
"TB_setaria_12_0590","AGYSN","12_0590","TB_setaria_12_0590","38.995209","-110.160661","Diversity","TB_0590","AGYSN_AGYSN_AGYSN_AGYSN",0.75
"TB_setaria_12_0593","AGYSP","12_0593","TB_setaria_12_0593","38.762585","-108.091005","Diversity","TB_0593","AGYSP_AGYSP_AGYSP_AGYSP",0.8
"TB_setaria_12_0594","AGYSS","12_0594","TB_setaria_12_0594","38.800446","-107.78147","Diversity","TB_0594","AGYSS_AGYSS_AGYSS_AGYSS",0.8
"TB_setaria_12_0597","AGYST","12_0597","TB_setaria_12_0597","39.407617","-107.153298","Diversity","TB_0597","AGYST_AGYST_AGYST_AGYST",0.45
"TB_setaria_12_0604","ACPCN","PH_2014_70","TB_setaria_12_0604","37.402171","-104.650687","Diversity","TB_0604","ACPCN_ACPCN_ACPCN_ACPCN",0.9
"TB_setaria_12_0605","AGYSX","12_0605","TB_setaria_12_0605","37.137695","-104.521004","Diversity","TB_0605","AGYSX_AGYSX_AGYSX_AGYSX",0.85
"TB_setaria_12_0606","AGYSY","12_0606","TB_setaria_12_0606","36.784284","-104.466169","Diversity","TB_0606","AGYSY_AGYSY_AGYSY_AGYSY",0.8
"TB_setaria_12_0610","AGYSZ","12_0610","TB_setaria_12_0610","35.808758","-104.981085","Diversity","TB_0610","AGYSZ_AGYSZ_AGYSZ_AGYSZ",0.65
"TB_setaria_12_0611","AGYTA","12_0611","TB_setaria_12_0611","35.604828","-105.21094","Diversity","TB_0611","AGYTA_AGYTA_AGYTA_AGYTA",0.75
"TB_setaria_12_0641","ACPGP","Huang_IL_7_2_1","TB_setaria_12_0641","39.331235","-88.43722","Diversity","TB_0641","ACPGP_ACPGP_ACPGP_ACPGP",0.35
