LIB,Name,New_name,Lat,Long,Category
ACOYS,Kellogg_1192_2,TB_setaria_12_0004,38.85680556,-89.40369444,Diversity
ACOYT,Kellogg_1195_1,TB_setaria_12_0007,39.56491667,-86.62216667,Diversity
ACOYU,Kellogg_1196_1,TB_setaria_12_0008,39.79491667,-85.53222222,Diversity
ACOYW,Kellogg_1199_2,TB_setaria_12_0011,39.96711111,-83.3620555,Diversity
ACOYX,Kellogg_1205_2,TB_setaria_12_0016,39.94066666,-82.4791666,Diversity
ACOYY,Kellogg_1207_1,TB_setaria_12_0018,40.06611111,-80.56966666,Diversity
ACOYZ,Estep_ME018,TB_setaria_12_0129,49.38815,-99.31496,Diversity
ACOZA,Kellogg_1214_2,TB_setaria_12_0025,42.08344444,-72.09852778,Diversity
ACOZB,Kellogg_1216_2,TB_setaria_12_0026,39.57991667,-75.58869444,Diversity
ACOZC,Kellogg_1238_2,TB_setaria_12_0045,38.90208333,-90.20775,Diversity
ACOZG,Penagos_P1_1,TB_setaria_12_0049,35.85597222,-86.29008333,Diversity
ACOZH,Penagos_P3_2,TB_setaria_12_0051,36.03488889,-86.30625,Diversity
ACOZN,Waselkov_VanWert_3,TB_setaria_12_0062,40.84973333,-84.58045,Diversity
ACOZO,Penagos_P8_2,TB_setaria_12_0067,39.02519444,-90.91727778,Diversity
ACOZP,Vela_101_2,TB_setaria_12_0069,40.39182,-82.46721,Diversity
ACOZS,Vela_67_1,TB_setaria_12_0082,41.1093,-83.64949,Diversity
ACOZT,Vela_69_1,TB_setaria_12_0084,41.71293,-83.68572,Diversity
ACOZU,Vela_75_1,TB_setaria_12_0090,43.11953,-83.76021,Diversity
ACOZW,Vela_77_1,TB_setaria_12_0092,43.85372,-84.0132,Diversity
ACOZX,Vela_83_1,TB_setaria_12_0098,45.77422,-84.73341,Diversity
ACOZZ,USDA_Ames23857,TB_setaria_12_0253,52.41666667,16.96666667,Diversity
ACPAA,Vela_98_1,TB_setaria_12_0113,40.65768,-84.94915,Diversity
ACPAB,Vela_99_2,TB_setaria_12_0114,40.55639,-84.06494,Diversity
ACPAN,Estep_ME053V_2,TB_setaria_12_0171,42.37566,-96.355,Diversity
ACPAU,Kellogg_1251_1,TB_setaria_12_0203,39.80136,-89.60564,Diversity
ACPAY,PH_2014_02,TB_setaria_12_0536,40.394876,-91.568957,Diversity
ACPAZ,PH_2014_03,TB_setaria_12_0537,40.639579,-91.749754,Diversity
ACPBA,PH_2014_09,TB_setaria_12_0543,40.685881,-96.269344,Diversity
ACPBB,PH_2014_11,TB_setaria_12_0545,40.824488,-97.348977,Diversity
ACPBC,PH_2014_14,TB_setaria_12_0548,40.670462,-99.028806,Diversity
ACPBG,PH_2014_22,TB_setaria_12_0556,41.114631,-102.629526,Diversity
ACPBH,PH_2014_27,TB_setaria_12_0561,41.611581,-109.230143,Diversity
ACPBN,PH_2014_28,TB_setaria_12_0562,41.527351,-109.461506,Diversity
ACPBO,PH_2014_34,TB_setaria_12_0568,40.035676,-107.910265,Diversity
ACPBP,PH_2014_42,TB_setaria_12_0576,37.616929,-109.477204,Diversity
ACPBS,PH_2014_43,TB_setaria_12_0577,37.283112,-109.551803,Diversity
ACPBT,PH_2014_44,TB_setaria_12_0578,37.043159,-112.520873,Diversity
ACPBU,PH_2014_49,TB_setaria_12_0583,38.889421,-112.410619,Diversity
ACPBW,PH_2014_50,TB_setaria_12_0584,39.251713,-112.109362,Diversity
ACPBX,PH_2014_51,TB_setaria_12_0585,39.67639,-111.841033,Diversity
ACPBY,PH_2014_53,TB_setaria_12_0587,40.237731,-111.656539,Diversity
ACPBZ,PH_2014_55,TB_setaria_12_0589,39.60003,-110.822984,Diversity
ACPCA,PH_2014_61,TB_setaria_12_0595,38.815076,-107.693851,Diversity
ACPCB,PH_2014_62,TB_setaria_12_0596,38.926037,-107.470114,Diversity
ACPCC,PH_2014_66,TB_setaria_12_0600,38.551608,-104.652731,Diversity
ACPCG,PH_2014_67,TB_setaria_12_0601,38.298267,-104.617535,Diversity
ACPCH,PH_2014_69,TB_setaria_12_0603,37.654066,-104.794325,Diversity
ACPCN,PH_2014_70,TB_setaria_12_0604,37.402171,-104.650687,Diversity
ACPCO,PH_2014_73,TB_setaria_12_0607,36.538836,-104.542096,Diversity
ACPCP,PH_2014_74,TB_setaria_12_0608,36.244964,-104.649466,Diversity
ACPCS,PH_2014_75,TB_setaria_12_0609,36.012387,-104.705733,Diversity
ACPCT,PH_2014_79,TB_setaria_12_0613,34.472004,-104.245471,Diversity
ACPCU,PH_2014_81,TB_setaria_12_0615,33.548991,-101.84914,Diversity
ACPCW,PH_2014_82,TB_setaria_12_0616,33.594061,-99.264963,Diversity
ACPCX,PH_2014_83,TB_setaria_12_0617,33.815622,-98.696905,Diversity
ACPCY,PH_2014_84,TB_setaria_12_0618,33.787072,-97.725151,Diversity
ACPCZ,PH_2014_85,TB_setaria_12_0619,33.695875,-97.524163,Diversity
ACPGA,PH_2014_86,TB_setaria_12_0620,33.638665,-97.133214,Diversity
ACPGB,PH_2014_88,TB_setaria_12_0622,33.583834,-95.909873,Diversity
ACPGC,PH_2014_89,TB_setaria_12_0623,36.42522,-89.696346,Diversity
ACPGG,PH_2014_92,TB_setaria_12_0626,37.643742,-89.834553,Diversity
ACPGH,KW268-3,TB_setaria_12_0634,37.749648,-97.781769,Diversity
ACPGN,Huang_IL_2_1,TB_setaria_12_0638,41.785113,-87.576798,Diversity
ACPGO,Huang_IL_3,TB_setaria_12_0640,41.79271,-87.584076,Diversity
ACPGP,Huang_IL_7_2_1,TB_setaria_12_0641,39.331235,-88.43722,Diversity
AGTTB,Agnes_91.79,TB_setaria_12_0529,#N/A,#N/A,Diversity
AGTTC,Agnes_95.79,TB_setaria_12_0530,#N/A,#N/A,Diversity
AGTTG,Agnes_96.79,TB_setaria_12_0531,#N/A,#N/A,Diversity
AGTTH,A10.1_lowshatter,A10.1,#N/A,#N/A,diversity
AGTTS,Feldman_MF127,TB_setaria_12_0401,41.49936,-95.91812,Diversity
AGTTT,Feldman_MF128,TB_setaria_12_0402,42.60494,-96.57353,Diversity
AGTTU,Feldman_MF129,TB_setaria_12_0403,42.78696,-96.91452,Diversity
AGTTW,Feldman_MF133,TB_setaria_12_0407,43.7157,-98.02695,Diversity
AGTTX,Feldman_MF135,TB_setaria_12_0409,44.34158,-98.4577,Diversity
AGTTY,Feldman_MF136,TB_setaria_12_0410,44.74191,-98.50509,Diversity
AGTTZ,Feldman_MF137,TB_setaria_12_0411,45.488313,-98.523227,Diversity
AGTUA,Feldman_MF138,TB_setaria_12_0412,45.83619,-98.51136,Diversity
AGTUB,Feldman_MF140,TB_setaria_12_0414,46.884168,-98.715808,Diversity
AGTUC,Feldman_MF141,TB_setaria_12_0415,46.88411,-98.71545,Diversity
AGTUG,Feldman_MF142,TB_setaria_12_0416,46.89384,-99.29961,Diversity
AGTUH,Feldman_MF143,TB_setaria_12_0417,46.86055,-99.91451,Diversity
AGTUN,Feldman_MF144,TB_setaria_12_0418,46.83783,-100.5827,Diversity
AGTUO,Feldman_MF145,TB_setaria_12_0419,46.86272,-101.1555,Diversity
AGTUP,Feldman_MF146,TB_setaria_12_0420,46.86644,-101.82427,Diversity
AGTUS,Feldman_MF147,TB_setaria_12_0421,46.9928,-102.43263,Diversity
AGTUT,Feldman_MF149,TB_setaria_12_0423,46.89467,-103.19049,Diversity
AGTUU,Feldman_MF150,TB_setaria_12_0424,46.92516,-103.51868,Diversity
AGTUW,Feldman_MF151,TB_setaria_12_0425,46.55499,-103.19553,Diversity
AGTUX,Feldman_MF152,TB_setaria_12_0426,46.48267,-103.3213,Diversity
AGTUY,Feldman_MF154,TB_setaria_12_0428,46.29461,-103.92215,Diversity
AGTUZ,Feldman_MF155,TB_setaria_12_0429,46.3681,-104.35066,Diversity
AGTWA,Feldman_MF156,TB_setaria_12_0430,46.42075,-105.07467,Diversity
AGTWB,Feldman_MF158,TB_setaria_12_0432,46.27537,-106.4505,Diversity
AGTWC,Feldman_MF159,TB_setaria_12_0433,46.26244,-106.92829,Diversity
AGTWG,Feldman_MF160,TB_setaria_12_0434,46.13985,-107.50673,Diversity
AGTWH,Feldman_MF161,TB_setaria_12_0435,45.74979,-107.61238,Diversity
AGTWN,Feldman_MF162,TB_setaria_12_0436,45.57915,-107.44347,Diversity
AGTWO,Kellogg_1206-1,TB_setaria_12_0017,40.03088889,-82.44852778,Diversity
AGTWP,Kellogg_1209-1,TB_setaria_12_0020,40.68397222,-75.15036111,Diversity
AGTWS,Kellogg_1210-1,TB_setaria_12_0021,41.92019444,-71.35716667,Diversity
AGTWT,Kellogg_1222-1,TB_setaria_12_0031,39.66022222,-79.777,Diversity
AGTWU,Kellogg_1225-1,TB_setaria_12_0034,39.25175,-81.554833,Diversity
AGTWW,Kellogg_1226-1,TB_setaria_12_0035,39.1925,-82.26936111,Diversity
AGTWX,Kellogg_1229-1,TB_setaria_12_0037,39.04363889,-83.16447222,Diversity
AGTWY,Ahart_17139-1,TB_setaria_12_0046,41.17225,-121.0237778,Diversity
AGTWZ,Ahart_17140,TB_setaria_12_0047,40.03678056,-122.1122528,Diversity
AGTXA,Penagos_P6-1,TB_setaria_12_0054,36.07472222,-86.5108333,Diversity
AGTXB,Gall_NewHaven_s.n.-2,TB_setaria_12_0056,41.154828,-73.33121,Diversity
AGTXC,Gall_Fairfield_s.n.,TB_setaria_12_0057,41.1222,-73.3166,Diversity
AGTXG,Sweeney_2035-1,TB_setaria_12_0059,41.274617,-72.817634,Diversity
AGTXH,Sweeney_2033-1,TB_setaria_12_0060,41.27346,-72.80977,Diversity
AGTXN,Waselkov_Darke-1,TB_setaria_12_0061,40.3229,-84.61955,Diversity
AGTXO,Waselkov_Vandalia-1,TB_setaria_12_0063,38.96068333,-89.08911666,Diversity
AGTXP,Thompson_Bonne_sn-1,TB_setaria_12_0068,42.01228333,-93.91575,Diversity
AGTXS,Vela_73-1,TB_setaria_12_0088,42.37924,-83.75483,Diversity
AGTXT,Vela_81-3,TB_setaria_12_0096,45.10855,-84.16644,Diversity
AGTXU,Vela_82-2,TB_setaria_12_0097,45.10855,-84.16644,Diversity
AGTXW,Vela_86-1,TB_setaria_12_0101,44.55565,-85.30321,Diversity
AGTXX,Vela_88-1,TB_setaria_12_0103,43.88811,-85.53082,Diversity
AGTXY,Vela_89-1,TB_setaria_12_0104,43.0399,-85.66358,Diversity
AGTXZ,Vela_92-1,TB_setaria_12_0107,42.26154,-85.1962,Diversity
AGTYA,Vela_93-5,TB_setaria_12_0108,41.70756,-85.00575,Diversity
AGTYB,Vela_94-1,TB_setaria_12_0109,41.02773,-85.26348,Diversity
AGTYG,Estep_ME011-2,TB_setaria_12_0122,43.44701,-93.35497,Diversity
AGTYH,Yang_8054_China,Yang_8054,#N/A,#N/A,Diversity
AGTYN,Kellogg_1186,TB_setaria_12_0003,38.64672222,-90.25205556,Diversity
AGTYO,Kellogg_1198,TB_setaria_12_0010,39.89052777,-84.19994444,Diversity
AGTYP,Kellogg_1204,TB_setaria_12_0015,39.96444444,-83.35855555,Diversity
AGTYS,Kellogg_1209,TB_setaria_12_0020a,40.68397222,-75.15036111,Diversity
AGTYT,Kellogg_1220,TB_setaria_12_0029,39.61513889,-77.69763889,Diversity
AGTYU,Kellogg_1233,TB_setaria_12_0041,38.64852778,-90.31563889,Diversity
AGTYW,Penagos_P7,TB_setaria_12_0055,36.06644444,-86.60033333,Diversity
AGTYX,Waselkov_Vandalia,TB_setaria_12_0063a,38.96068333,-89.08911666,Diversity
AGTYY,Vela_85,TB_setaria_12_0100,44.56634,-85.30292,Diversity
AGTYZ,Vela_94,TB_setaria_12_0109a,41.02773,-85.26348,Diversity
AGTZA,Estep_ME014,TB_setaria_12_0125a,46.03728,-95.83433,Diversity
AGTZB,Estep_ME024V,TB_setaria_12_0135,49.62346,-98.76953,Diversity
AGTZC,Estep_ME032V,TB_setaria_12_0144,49.65183,-98.71057,Diversity
AGTZH,Lomonosova_800,TB_setaria_12_0208,62.751661,129.641733,Diversity
AGTZN,USDA_Ames28193,TB_setaria_12_0254,49.12861111,81.10777778,Diversity
AGTZO,USDA_PI204624,TB_setaria_12_0256,38.838905,35.198078,Diversity
AGTZP,USDA_PI204628,TB_setaria_12_0258,39.748114,37.008076,Diversity
AGTZS,USDA_PI204730,TB_setaria_12_0260,38.216604,35.050964,Diversity
AGTZT,USDA_PI408810,TB_setaria_12_0266,43.8482699,125.3073549,Diversity
AGTZU,USDA_PI408811,TB_setaria_12_0267,34.25,108.8666667,Diversity
AGTZW,USDA_PI649320,TB_setaria_12_0269,48.13388889,110.2280556,Diversity
AGTZX,KOR-SWU-4,TB_setaria_12_0629,#N/A,#N/A,Diversity
AGTZY,KOR-GMP-2,TB_setaria_12_0631,#N/A,#N/A,Diversity
AGYOH,12_0539,TB_setaria_12_0539,40.739965,-92.743137,Diversity
AGYON,12_0540,TB_setaria_12_0540,40.710985,-94.799615,Diversity
AGYOO,12_0541,TB_setaria_12_0541,40.742493,-95.146752,Diversity
AGYOP,12_0544,TB_setaria_12_0544,40.822207,-96.928115,Diversity
AGYOS,12_0546,TB_setaria_12_0546,40.825496,-97.882997,Diversity
AGYOT,12_0547,TB_setaria_12_0547,40.801005,-98.495433,Diversity
AGYOU,12_0549,TB_setaria_12_0549,40.691555,-99.379261,Diversity
AGYOW,12_0550,TB_setaria_12_0550,40.782704,-99.844425,Diversity
AGYOX,12_0551,TB_setaria_12_0551,41.004507,-100.375773,Diversity
AGYOY,12_0553,TB_setaria_12_0553,41.139728,-101.1039063,Diversity
AGYOZ,12_0554,TB_setaria_12_0554,41.118807,-101.574372,Diversity
AGYPA,12_0555,TB_setaria_12_0555,41.050248,-102.069535,Diversity
AGYPB,12_0557,TB_setaria_12_0557,41.128069,-103.030865,Diversity
AGYPC,12_0558,TB_setaria_12_0558,41.221852,-103.49021,Diversity
AGYPG,12_0559,TB_setaria_12_0559,41.184331,-104.042706,Diversity
AGYPH,12_0560,TB_setaria_12_0560,41.129762,-104.824411,Diversity
AGYPN,12_0563,TB_setaria_12_0563,40.98853,-109.719586,Diversity
AGYPO,12_0564,TB_setaria_12_0564,40.462036,-109.534309,Diversity
AGYPP,12_0565,TB_setaria_12_0565,40.242103,-109.010365,Diversity
AGYPS,12_0566,TB_setaria_12_0566,40.083797,-108.805264,Diversity
AGYPT,12_0567,TB_setaria_12_0567,40.168156,-108.402483,Diversity
AGYPU,12_0569,TB_setaria_12_0569,39.592788,-107.767971,Diversity
AGYPW,12_0572,TB_setaria_12_0572,39.551583,-107.324438,Diversity
AGYPX,12_0573,TB_setaria_12_0573,39.143227,-108.738081,Diversity
AGYPY,12_0574,TB_setaria_12_0574,38.698472,-109.39692,Diversity
AGYPZ,12_0575,TB_setaria_12_0575,37.872382,-109.343041,Diversity
AGYSA,12_0579,TB_setaria_12_0579,37.23608,-113.280945,Diversity
AGYSB,12_0580,TB_setaria_12_0580,37.723846,-113.058836,Diversity
AGYSC,12_0581,TB_setaria_12_0581,37.851783,-112.827839,Diversity
AGYSG,12_0582,TB_setaria_12_0582,38.251452,-112.646696,Diversity
AGYSH,12_0586,TB_setaria_12_0586,39.977355,-111.769355,Diversity
AGYSN,12_0590,TB_setaria_12_0590,38.995209,-110.160661,Diversity
AGYSO,12_0591,TB_setaria_12_0591,38.988726,-110.15092,Diversity
AGYSP,12_0593,TB_setaria_12_0593,38.762585,-108.091005,Diversity
AGYSS,12_0594,TB_setaria_12_0594,38.800446,-107.78147,Diversity
AGYST,12_0597,TB_setaria_12_0597,39.407617,-107.153298,Diversity
AGYSU,12_0598,TB_setaria_12_0598,38.853664,-104.88076,Diversity
AGYSX,12_0605,TB_setaria_12_0605,37.137695,-104.521004,Diversity
AGYSY,12_0606,TB_setaria_12_0606,36.784284,-104.466169,Diversity
AGYSZ,12_0610,TB_setaria_12_0610,35.808758,-104.981085,Diversity
AGYTA,12_0611,TB_setaria_12_0611,35.604828,-105.21094,Diversity
AGYTB,12_0612,TB_setaria_12_0612,34.939764,-104.688099,Diversity
AGYTC,12_0614,TB_setaria_12_0614,34.404547,-103.209329,Diversity
AGYTG,12_0624,TB_setaria_12_0624,37.086509,-89.533481,Diversity
AGYTH,12_0627,TB_setaria_12_0627,37.976018,-90.187726,Diversity
AGYTN,Feldman_MF131,TB_setaria_12_0405,42.98244,-97.8624,Diversity
AGYTO,Feldman_MF163,TB_setaria_12_0437,45.3651,-107.3651,Diversity
AGYTP,Feldman_MF165,TB_setaria_12_0439,44.34639,-106.69939,Diversity
AGYTS,Feldman_MF166,TB_setaria_12_0440,43.7165,-106.64461,Diversity
AGYTT,Feldman_MF167,TB_setaria_12_0441,43.41328,-106.2771,Diversity
AGYTU,Feldman_MF170,TB_setaria_12_0444,42.76134,-105.3903,Diversity
AGYTW,Feldman_MF171,TB_setaria_12_0445,42.77707,-104.6176,Diversity
AGYTX,Feldman_MF172,TB_setaria_12_0446,43.24482,-104.29449,Diversity
AGYTY,Feldman_MF173,TB_setaria_12_0447,43.30425,-103.99532,Diversity
AGYTZ,Feldman_MF175,TB_setaria_12_0449,43.41896,-103.55039,Diversity
AGYUA,Feldman_MF176,TB_setaria_12_0450,43.41896,-103.55039,Diversity
AGYUB,Feldman_MF178,TB_setaria_12_0452,43.75662,-103.59976,Diversity
AGYUC,Feldman_MF179,TB_setaria_12_0453,43.88834,-103.4248,Diversity
AGYUG,Feldman_MF180,TB_setaria_12_0454,44.37313,-103.72745,Diversity
AGYUH,Feldman_MF181,TB_setaria_12_0455,44.1986,-103.352,Diversity
AGYUN,Feldman_MF182,TB_setaria_12_0456,44.10248,-102.58799,Diversity
AGYUO,Feldman_MF183,TB_setaria_12_0457,43.98511,-102.23994,Diversity
AGYUP,Feldman_MF184,TB_setaria_12_0458,43.75031,-101.93103,Diversity
AGYUS,Feldman_MF186,TB_setaria_12_0460,43.84993,-101.48285,Diversity
AGYUT,Feldman_MF188,TB_setaria_12_0462,43.89445,-99.86584,Diversity
AGYUU,Huang_MO-05-6,TB_setaria_12_0468,38.98598333,-93.49801667,Diversity
AGYUW,Huang_KS-02-6,TB_setaria_12_0471,38.9976,-95.34348333,Diversity
AGYUX,Huang_KS-05-4,TB_setaria_12_0474,39.0677,-96.50123333,Diversity
AGYUY,Huang_KS-17-1,TB_setaria_12_0486,39.31583333,-102.0235167,Diversity
AGYUZ,Huang_CO-07-3,TB_setaria_12_0493,39.649083,-107.052633,Diversity
AGYWA,Huang_TX-05-1,TB_setaria_12_0507,35.65428333,-101.4390333,Diversity
AGYWB,Huang_MO-16-7,TB_setaria_12_0527,37.9431,-91.7892,Diversity
AGYWC,Huang_IL-6,TB_setaria_12_0628,40.116694,-88.225224,Diversity
AGYWG,Huang_VT-01-1,TB_setaria_12_0532,44.476719,-73.204858,Diversity
AGYWH,Huang_VT-02-1,TB_setaria_12_0533,44.476346,-73.204759,Diversity
AGYWN,Huang_VT-03-1,TB_setaria_12_0534,44.479131,-73.211135,Diversity
ILMN,MF194_2017,TB_setaria_16_0646,35.95985,-83.9277,Diversity
ILMP,PH_2016_001_2017,TB_setaria_16_0663,39.667021,-91.673365,Diversity
ILMQ,PH_2016_013_2017,TB_setaria_16_0675,39.841043,-95.990761,Diversity
ILMR,PH_2016_025_2017,TB_setaria_16_0687,39.755067,-99.308215,Diversity
ILMS,PH_2016_037_2017,TB_setaria_16_0699,39.851203,-101.880408,Diversity
ILMT,PH_2016_049_2017,TB_setaria_16_0711,40.58896,-105.074526,Diversity
ILMU,PH_2016_061_2017,TB_setaria_16_0723,41.942507,-103.818446,Diversity
ILMW,PH_2016_073_2017,TB_setaria_16_0735,41.535813,-102.984406,Diversity
ILMX,MF195_2017,TB_setaria_16_0647,35.91453,-83.57986,Diversity
ILMY,PH_2016_002_2017,TB_setaria_16_0664,39.674129,-91.945821,Diversity
ILMZ,PH_2016_014_2017,TB_setaria_16_0676,39.842163,-96.283816,Diversity
ILNA,PH_2016_026_2017,TB_setaria_16_0688,39.828473,-99.652691,Diversity
ILNB,PH_2016_038_2017,TB_setaria_16_0700,40.014368,-101.950651,Diversity
ILNC,PH_2016_050_2017,TB_setaria_16_0712,40.841371,-104.96485,Diversity
ILND,PH_2016_062_2017,TB_setaria_16_0724,41.866634,-103.640786,Diversity
ILNE,PH_2016_074_2017,TB_setaria_16_0736,41.695933,-103.107001,Diversity
ILNF,MF196_2017,TB_setaria_16_0648,35.94196,-83.58418,Diversity
ILNG,PH_2016_003_2017,TB_setaria_16_0665,39.713657,-92.124012,Diversity
ILNH,PH_2016_015_2017,TB_setaria_16_0677,39.841633,-96.585083,Diversity
ILNI,PH_2016_027_2017,TB_setaria_16_0689,39.835129,-99.903063,Diversity
ILNJ,PH_2016_039_2017,TB_setaria_16_0701,40.077939,-102.244308,Diversity
ILNK,PH_2016_051_2017,TB_setaria_16_0713,41.036005,-104.897197,Diversity
ILNL,PH_2016_063_2017,TB_setaria_16_0725,41.644431,-103.676548,Diversity
ILNM,PH_2016_075_2017,TB_setaria_16_0737,41.884539,-103.090009,Diversity
ILNN,MF197_2017,TB_setaria_16_0649,35.77479,-83.54218,Diversity
ILNP,PH_2016_004_2017,TB_setaria_16_0666,39.760796,-92.562035,Diversity
ILNQ,PH_2016_016_2017,TB_setaria_16_0678,39.841603,-96.632516,Diversity
ILNR,PH_2016_028_2017,TB_setaria_16_0690,39.827595,-100.18425,Diversity
ILNS,PH_2016_040_2017,TB_setaria_16_0702,40.104936,-102.499854,Diversity
ILNT,PH_2016_052_2017,TB_setaria_16_0714,41.407684,-104.873221,Diversity
ILNU,PH_2016_064_2017,TB_setaria_16_0726,41.473098,-103.658896,Diversity
ILNW,PH_2016_076_2017,TB_setaria_16_0738,42.055666,-102.907971,Diversity
ILNX,MF199_2017,TB_setaria_16_0651,35.72608,-83.51083,Diversity
ILNY,PH_2016_005_2017,TB_setaria_16_0667,39.761834,-92.940955,Diversity
ILNZ,PH_2016_017_2017,TB_setaria_16_0679,39.823201,-96.918713,Diversity
ILPA,PH_2016_029_2017,TB_setaria_16_0691,39.829136,-100.509343,Diversity
ILPB,PH_2016_041_2017,TB_setaria_16_0703,40.132677,-102.762432,Diversity
ILPC,PH_2016_053_2017,TB_setaria_16_0715,41.735199,-104.832595,Diversity
ILPD,PH_2016_065_2017,TB_setaria_16_0727,41.266212,-103.64844,Diversity
ILPE,PH_2016_077_2017,TB_setaria_16_0739,42.278088,-102.974572,Diversity
ILPF,MF202_2017,TB_setaria_16_0654,35.88342,-84.50145,Diversity
ILPG,PH_2016_006_2017,TB_setaria_16_0668,39.77753,-93.501501,Diversity
ILPH,PH_2016_018_2017,TB_setaria_16_0680,39.819722,-97.241021,Diversity
ILPI,PH_2016_030_2017,TB_setaria_16_0692,40.019842,-100.571472,Diversity
ILPJ,PH_2016_042_2017,TB_setaria_16_0704,40.15567,-103.040021,Diversity
ILPK,PH_2016_054_2017,TB_setaria_16_0716,41.962584,-104.950196,Diversity
ILPL,PH_2016_066_2017,TB_setaria_16_0728,41.009355,-103.687966,Diversity
ILPM,PH_2016_078_2017,TB_setaria_16_0740,42.53958,-102.968572,Diversity
ILPN,MF204_2017,TB_setaria_16_0656,36.14188,-85.45549,Diversity
ILPP,PH_2016_007_2017,TB_setaria_16_0669,39.73497,-93.852486,Diversity
ILPQ,PH_2016_019_2017,TB_setaria_16_0681,39.813291,-97.518757,Diversity
ILPR,PH_2016_031_2017,TB_setaria_16_0693,40.198953,-100.671709,Diversity
ILPS,PH_2016_043_2017,TB_setaria_16_0705,40.200365,-103.322351,Diversity
ILPT,PH_2016_055_2017,TB_setaria_16_0717,42.264712,-105.038564,Diversity
ILPU,PH_2016_067_2017,TB_setaria_16_0729,40.730394,-103.688499,Diversity
ILPW,PH_2016_079_2017,TB_setaria_16_0741,42.740696,-103.007467,Diversity
ILPY,PH_2016_008_2017,TB_setaria_16_0670,39.753293,-94.257685,Diversity
ILPZ,PH_2016_020_2017,TB_setaria_16_0682,39.795043,-97.812391,Diversity
ILQA,PH_2016_032_2017,TB_setaria_16_0694,40.211695,-100.954543,Diversity
ILQB,PH_2016_044_2017,TB_setaria_16_0706,40.260438,-103.59949,Diversity
ILQC,PH_2016_056_2017,TB_setaria_16_0718,42.502063,-105.026111,Diversity
ILQD,PH_2016_068_2017,TB_setaria_16_0730,40.610691,-103.543916,Diversity
ILQE,PH_2016_081_2017,TB_setaria_16_0743,43.188548,-103.236831,Diversity
ILQF,MF206_2017,TB_setaria_16_0658,36.17611,-86.02213,Diversity
ILQG,PH_2016_009_2017,TB_setaria_16_0671,39.758214,-94.577249,Diversity
ILQH,PH_2016_021_2017,TB_setaria_16_0683,39.785189,-98.13892,Diversity
ILQI,PH_2016_033_2017,TB_setaria_16_0695,40.151886,-101.200659,Diversity
ILQJ,PH_2016_045_2017,TB_setaria_16_0707,40.254247,-103.880092,Diversity
ILQK,PH_2016_057_2017,TB_setaria_16_0719,42.26971,-104.754017,Diversity
ILQL,PH_2016_069_2017,TB_setaria_16_0731,40.623491,-103.265993,Diversity
ILQM,PH_2016_082_2017,TB_setaria_16_0744,43.188325,-102.982081,Diversity
ILQN,MF208_2017,TB_setaria_16_0660,36.15294,-86.78809,Diversity
ILQP,PH_2016_010_2017,TB_setaria_16_0672,39.789828,-95.082571,Diversity
ILQQ,PH_2016_022_2017,TB_setaria_16_0684,39.785564,-98.448169,Diversity
ILQR,PH_2016_034_2017,TB_setaria_16_0696,40.081354,-101.483822,Diversity
ILQS,PH_2016_046_2017,TB_setaria_16_0708,40.292456,-104.177974,Diversity
ILQT,PH_2016_058_2017,TB_setaria_16_0720,42.212621,-104.517153,Diversity
ILQU,PH_2016_070_2017,TB_setaria_16_0732,40.62489,-103.23191,Diversity
ILQW,PH_2016_083_2017,TB_setaria_16_0745,43.18402,-102.728218,Diversity
ILQX,MF_NL1_2017,TB_setaria_16_0661,#N/A,#N/A,Diversity
ILQY,PH_2016_011_2017,TB_setaria_16_0673,39.842954,-95.436777,Diversity
ILQZ,PH_2016_023_2017,TB_setaria_16_0685,39.784543,-98.715851,Diversity
ILRA,PH_2016_035_2017,TB_setaria_16_0697,39.858276,-101.540812,Diversity
ILRB,PH_2016_047_2017,TB_setaria_16_0709,40.32416,-104.407984,Diversity
ILRC,PH_2016_059_2017,TB_setaria_16_0721,42.096842,-104.264803,Diversity
ILRD,PH_2016_071_2017,TB_setaria_16_0733,41.14328,-102.990926,Diversity
ILRE,PH_2016_084_2017,TB_setaria_16_0746,43.026249,-102.557715,Diversity
ILRF,MF_IB1_2017,TB_setaria_16_0662,38.626466,-90.467952,Diversity
ILRG,PH_2016_012_2017,TB_setaria_16_0674,39.843731,-95.684448,Diversity
ILRH,PH_2016_024_2017,TB_setaria_16_0686,39.770926,-99.025652,Diversity
ILRI,PH_2016_036_2017,TB_setaria_16_0698,39.760317,-101.711428,Diversity
ILRJ,PH_2016_048_2017,TB_setaria_16_0710,40.524713,-104.711266,Diversity
ILRK,PH_2016_060_2017,TB_setaria_16_0722,41.997044,-104.040767,Diversity
ILRL,PH_2016_072_2017,TB_setaria_16_0734,41.319004,-102.97203,Diversity
ILRM,PH_2016_085_2017,TB_setaria_16_0747,42.853979,-102.530208,Diversity
ILRN,PH_2016_086_2017,TB_setaria_16_0748,42.722656,-102.439132,Diversity
ILRP,PH_2016_098_2017,TB_setaria_16_0760,42.000811,-101.763057,Diversity
ILRQ,PH_2016_110_2017,TB_setaria_16_0772,41.874572,-100.559012,Diversity
ILRR,PH_2016_122_2017,TB_setaria_16_0784,42.480801,-98.867512,Diversity
ILRS,PH_2016_134_2017,TB_setaria_16_0796,42.482356,-95.931129,Diversity
ILRT,PH_2016_146_2017,TB_setaria_16_0808,41.389163,-92.905488,Diversity
ILRX,PH_2016_087_2017,TB_setaria_16_0749,42.799418,-102.20313,Diversity
ILRY,PH_2016_099_2017,TB_setaria_16_0761,41.810925,-101.757999,Diversity
ILRZ,PH_2016_111_2017,TB_setaria_16_0773,42.058313,-100.540794,Diversity
ILSA,PH_2016_123_2017,TB_setaria_16_0785,42.447334,-98.624701,Diversity
ILSB,PH_2016_135_2017,TB_setaria_16_0797,42.465662,-95.805842,Diversity
ILSC,PH_2016_147_2017,TB_setaria_16_0809,41.140103,-92.599065,Diversity
ILSF,PH_2016_088_2017,TB_setaria_16_0750,42.799463,-102.20321,Diversity
ILSG,PH_2016_100_2017,TB_setaria_16_0762,41.624091,-101.694697,Diversity
ILSH,PH_2016_112_2017,TB_setaria_16_0774,42.281934,-100.536517,Diversity
ILSI,PH_2016_124_2017,TB_setaria_16_0786,42.335626,-98.456099,Diversity
ILSJ,PH_2016_136_2017,TB_setaria_16_0798,42.474849,-95.5218,Diversity
ILSK,PH_2016_148_2017,TB_setaria_16_0810,40.884007,-92.40952,Diversity
ILSN,PH_2016_089_2017,TB_setaria_16_0751,42.999706,-102.214662,Diversity
ILSP,PH_2016_101_2017,TB_setaria_16_0763,41.593503,-101.496454,Diversity
ILSQ,PH_2016_113_2017,TB_setaria_16_0775,42.506558,-100.536879,Diversity
ILSR,PH_2016_125_2017,TB_setaria_16_0787,42.335098,-98.174002,Diversity
ILSS,PH_2016_137_2017,TB_setaria_16_0799,42.474671,-95.224945,Diversity
ILST,PH_2016_149_2017,TB_setaria_16_0811,40.208708,-92.580745,Diversity
ILSX,PH_2016_090_2017,TB_setaria_16_0752,43.143646,-102.029949,Diversity
ILSY,PH_2016_102_2017,TB_setaria_16_0764,41.555563,-101.31065,Diversity
ILSZ,PH_2016_114_2017,TB_setaria_16_0776,42.713586,-100.536121,Diversity
ILTA,PH_2016_126_2017,TB_setaria_16_0788,42.350324,-97.864502,Diversity
ILTB,PH_2016_138_2017,TB_setaria_16_0800,42.453977,-94.976307,Diversity
ILTC,PH_2016_150_2017,TB_setaria_16_0812,#N/A,#N/A,Diversity
ILTF,PH_2016_091_2017,TB_setaria_16_0753,43.172176,-101.751538,Diversity
ILTG,PH_2016_103_2017,TB_setaria_16_0765,41.54893,-101.026442,Diversity
ILTH,PH_2016_115_2017,TB_setaria_16_0777,42.75272,-100.419421,Diversity
ILTI,PH_2016_127_2017,TB_setaria_16_0789,42.359665,-97.582196,Diversity
ILTJ,PH_2016_139_2017,TB_setaria_16_0801,42.450066,-94.69409,Diversity
ILTN,PH_2016_092_2017,TB_setaria_16_0754,42.996313,-101.714131,Diversity
ILTP,PH_2016_104_2017,TB_setaria_16_0766,41.439577,-100.863235,Diversity
ILTQ,PH_2016_116_2017,TB_setaria_16_0778,42.615238,-100.181933,Diversity
ILTR,PH_2016_128_2017,TB_setaria_16_0790,42.393353,-97.295219,Diversity
ILTS,PH_2016_140_2017,TB_setaria_16_0802,42.459593,-93.816204,Diversity
ILTX,PH_2016_093_2017,TB_setaria_16_0755,42.820062,-101.69546,Diversity
ILTY,PH_2016_105_2017,TB_setaria_16_0767,41.273855,-100.837089,Diversity
ILTZ,PH_2016_117_2017,TB_setaria_16_0779,42.559929,-99.948055,Diversity
ILUA,PH_2016_129_2017,TB_setaria_16_0791,42.46707,-97.050815,Diversity
ILUB,PH_2016_141_2017,TB_setaria_16_0803,41.590154,-93.606684,Diversity
ILUF,PH_2016_094_2017,TB_setaria_16_0756,42.630569,-101.714035,Diversity
ILUG,PH_2016_106_2017,TB_setaria_16_0768,41.147192,-100.760402,Diversity
ILUH,PH_2016_118_2017,TB_setaria_16_0780,42.557282,-99.644374,Diversity
ILUI,PH_2016_130_2017,TB_setaria_16_0792,42.472099,-96.815001,Diversity
ILUJ,PH_2016_142_2017,TB_setaria_16_0804,41.656362,-93.73997,Diversity
ILUN,PH_2016_095_2017,TB_setaria_16_0757,42.448269,-101.714906,Diversity
ILUP,PH_2016_107_2017,TB_setaria_16_0769,41.315222,-100.616911,Diversity
ILUQ,PH_2016_119_2017,TB_setaria_16_0781,42.591228,-99.362407,Diversity
ILUR,PH_2016_131_2017,TB_setaria_16_0793,42.475057,-96.629397,Diversity
ILUS,PH_2016_143_2017,TB_setaria_16_0805,41.646675,-93.696149,Diversity
ILUX,PH_2016_096_2017,TB_setaria_16_0758,42.267355,-101.72124,Diversity
ILUY,PH_2016_108_2017,TB_setaria_16_0770,41.480414,-100.501814,Diversity
ILUZ,PH_2016_120_2017,TB_setaria_16_0782,42.594233,-99.323683,Diversity
ILWA,PH_2016_132_2017,TB_setaria_16_0794,42.475221,-96.289671,Diversity
ILWB,PH_2016_144_2017,TB_setaria_16_0806,41.59822,-93.491424,Diversity
ILWF,PH_2016_097_2017,TB_setaria_16_0759,42.05908,-101.750973,Diversity
ILWG,PH_2016_109_2017,TB_setaria_16_0771,41.684815,-100.512623,Diversity
ILWH,PH_2016_121_2017,TB_setaria_16_0783,42.579605,-99.0997,Diversity
ILWI,PH_2016_133_2017,TB_setaria_16_0795,42.475444,-96.179647,Diversity
ILWJ,PH_2016_145_2017,TB_setaria_16_0807,41.473581,-93.04155,Diversity
NTNB,s.n.-RockFall,TB_setaria_12_0064,41.78606667,-89.68251666,Diversity
NTNC,PI223677,TB_setaria_12_0263a,38.587894,48.816147,Diversity
NTNG,ME034V,TB_setaria_12_0147,49.64306,-98.61948,Diversity
NYHO,1194,TB_setaria_12_0006,39.40472222,-87.65325,Diversity
NYHP,large1231,TB_setaria_12_0039,39.04363889,-83.16447222,Diversity
NYHS,small1237,TB_setaria_12_0044,38.87622222,-90.19041667,Diversity
NYHU,ME015,TB_setaria_12_0126,46.66004,-96.39323,Diversity
NYHX,ME025V,TB_setaria_12_0136,49.63163,-98.80143,Diversity
NYHY,ME040,TB_setaria_12_0153,49.48732,-97.48177,Diversity
NYHZ,ME043,TB_setaria_12_0156,49.49886,-98.03411,Diversity
NYNA,ME044,TB_setaria_12_0157,49.49835,-98.04111,Diversity
NYNB,ME048V,TB_setaria_12_0161,45.96494,-96.83842,Diversity
NYNC,ME052V,TB_setaria_12_0169,43.08312,-96.79729,Diversity
NYNG,P2,TB_setaria_12_0050,36.08930556,-86.37091667,Diversity
NYNH,P5,TB_setaria_12_0053,36.07691667,-86.39636111,Diversity
NYNN,PI204625,TB_setaria_12_0257,39.478606,33.425446,Diversity
NYNO,ME035,TB_setaria_12_0148,49.5327,-98.68748,Diversity
OBXH,1212-1,TB_setaria_12_0023,42.89125,-70.87152778,Diversity
OBXN,1235-1,TB_setaria_12_0042,38.87622222,-90.19041667,Diversity
OBXP,P4,TB_setaria_12_0052,36.02544444,-86.34844444,Diversity
OBXS,80-1,TB_setaria_12_0095,44.72692,-83.82033,Diversity
OBXT,ME042-1,TB_setaria_12_0155,49.5009,-98.02792,Diversity
OBXU,PI_202407,TB_setaria_12_0255,-37.438,-72.2471,Diversity
OBXW,PI_230135,TB_setaria_12_0265,35.762393,51.965275,Diversity
OBXX,Ames_21519,TB_setaria_12_0251,45.40388889,130.6275,Diversity
SYWH,PI_204727,TB_setaria_12_0259,39.478606,33.425446,Diversity
SYWN,ME020,TB_setaria_12_0131,49.59538,-98.86997,Diversity
TCTG,Ames_21520,TB_setaria_12_0252,43.12805556,131.9008333,Diversity
TCTH,ME019,TB_setaria_12_0130,49.40199,-98.83965,Diversity
TCTN,ME028V,TB_setaria_12_0139,49.69464,-98.79431,Diversity
TCTO,s.n.-Momence,TB_setaria_12_0065,41.1620333,-89.66153333,Diversity
TOSU,NA-4,TB_setaria_12_0212,54.768959,-101.85653,Diversity
TWUZ,#926,TB_setaria_12_0204,53.732873,78.033428,Diversity
TWWA,EU-1,TB_setaria_12_0245,44.826169,-0.58067,Diversity
UAWY,1243,TB_setaria_12_0195,40.09238,-89.42172,Diversity
UAWZ,ME016,TB_setaria_12_0127,47.24074,-97.01051,Diversity
WZHH,MF5,TB_setaria_12_0274,46.80281,-117.75549,Diversity
WZHN,MF6,TB_setaria_12_0275,46.74162,-118.22792,Diversity
WZHO,MF9,TB_setaria_12_0278,47.10102,-119.2599,Diversity
WZHP,MF10,TB_setaria_12_0279,47.10425,-119.61591,Diversity
WZHS,MF12,TB_setaria_12_0281,47.37184,-120.13941,Diversity
WZHT,MF13,TB_setaria_12_0282,47.46936,-120.33607,Diversity
WZHU,MF14,TB_setaria_12_0283,47.16119,-120.8497,Diversity
WZHW,MF16,TB_setaria_12_0285,46.69722,-120.44344,Diversity
WZHX,MF17,TB_setaria_12_0286,46.66005,-120.52406,Diversity
WZHY,MF20,TB_setaria_12_0289,46.35773,-119.08485,Diversity
XBXG,PI_223677,TB_setaria_12_0263,38.587894,48.816147,Diversity
XBZG,MF33,TB_setaria_12_0302,44.43831,-119.07433,Diversity
XBZH,MF34,TB_setaria_12_0303,44.28775,-118.97908,Diversity
XBZN,MF53,TB_setaria_12_0322,41.41889,-112.05333,Diversity
XBZO,MF63,TB_setaria_12_0332,40.75422,-111.85366,Diversity
XBZP,MF117,TB_setaria_12_0391,37.16231,-88.69795,Diversity
XBZS,MF118,TB_setaria_12_0392,37.08842,-88.59528,Diversity
XBZU,MF121,TB_setaria_12_0395,33.94234,-83.38319,Diversity
XBZW,MF124,TB_setaria_12_0398,36.5928,-87.28806,Diversity
XBZX,MF126,TB_setaria_12_0400,39.72215,-97.78739,Diversity
XBZY,MF130,TB_setaria_12_0404,42.8809,-97.35317,Diversity
XBZZ,MF164,TB_setaria_12_0438,44.81704,-106.95503,Diversity
XCAG,MF177,TB_setaria_12_0451,43.43484,-103.46888,Diversity
XCAH,Huang_CO01_2,TB_setaria_12_0487,39.2947,-102.4279333,Diversity
XCAN,Huang_CO02_1,TB_setaria_12_0488,39.28693333,-103.0610833,Diversity
XCAO,Huang_CO03_1,TB_setaria_12_0489,39.26393333,-103.6475,Diversity
XCAP,Huang_CO04_4,TB_setaria_12_0490,39.61408333,-104.0412833,Diversity
XCAS,Huang_CO05_3,TB_setaria_12_0491,39.74061667,-104.6029167,Diversity
XCAT,Huang_CO06_3,TB_setaria_12_0492,39.7044,-105.2503667,Diversity
XCAU,Huang_CO08_3,TB_setaria_12_0494,39.5747,-107.4516667,Diversity
XCAW,Huang_CO09_3,TB_setaria_12_0495,39.4533,-108.0464333,Diversity
XCAX,Huang_CO10_1,TB_setaria_12_0496,39.18005,-108.2790667,Diversity
XCAY,Huang_CO11_4,TB_setaria_12_0497,39.05386667,-108.6019833,Diversity
XCAZ,Huang_CO12_1,TB_setaria_12_0498,39.219437,-108.865782,Diversity
XCBA,Huang_KS03_2,TB_setaria_12_0472,39.05148333,-95.7613,Diversity
XCBB,Huang_KS06_1,TB_setaria_12_0475,39.02866667,-96.79958333,Diversity
XCBC,Huang_KS08_2,TB_setaria_12_0477,38.8796,-97.66806667,Diversity
XCBG,Huang_KS07_4,TB_setaria_12_0476,38.94475,-97.16626667,Diversity
XCBH,Huang_KS09_3,TB_setaria_12_0478,38.85713333,-98.13286667,Diversity
XCBN,Huang_KS11_3,TB_setaria_12_0480,38.87716667,-99.15101667,Diversity
XCBO,Huang_KS13_4,TB_setaria_12_0482,39.05808333,-100.2415667,Diversity
XCBP,Huang_KS16_3,TB_setaria_12_0485,39.33298333,-101.5401,Diversity
XCBS,Huang_MO01_1,TB_setaria_12_0465,38.9349,-91.80536667,Diversity
XCBT,Huang_MO06_6,TB_setaria_12_0469,39.01525,-94.06838333,Diversity
XCBU,Huang_MO11_2,TB_setaria_12_0522,37.6839,-93.79398333,Diversity
XCBW,Huang_MO11_5,TB_setaria_12_0522a,37.6839,-93.79398333,Diversity
XCBX,Huang_MO13_3,TB_setaria_12_0524,37.655549,-92.705256,Diversity
XCBY,Huang_MO15_3,TB_setaria_12_0526,37.8225,-92.13975,Diversity
XCBZ,Huang_MO17_2,TB_setaria_12_0528,38.20878333,-91.17381667,Diversity
XCCA,Huang_OK02_3,TB_setaria_12_0512,36.27375,-99.3364,Diversity
XCCB,Huang_OK01_3,TB_setaria_12_0511,36.15013333,-99.29741667,Diversity
XCCC,Huang_OK03_1,TB_setaria_12_0513,36.43423333,-99.2065,Diversity
XCCG,Huang_OK04_2,TB_setaria_12_0514,36.3904,-98.44045,Diversity
XCCH,Huang_OK08_2,TB_setaria_12_0518,36.7135,-95.6594,Diversity
XCCN,Huang_TX01_4,TB_setaria_12_0503,35.26448333,-102.7414,Diversity
XCCO,Huang_TX02_1,TB_setaria_12_0504,35.26801667,-102.5576833,Diversity
XCCP,Huang_TX04_4,TB_setaria_12_0506,35.21705,-101.70655,Diversity
XCCS,Huang_TX06_1,TB_setaria_12_0508,35.5323,-101.0826833,Diversity
XCCT,Huang_TX07_1,TB_setaria_12_0509,35.53256667,-100.9901333,Diversity
XCCU,Huang_TX08_2,TB_setaria_12_0510,35.51923333,-100.5305167,Diversity
XCCW,Huang_UT01_4,TB_setaria_12_0499,38.55588333,-109.5348667,Diversity
XCCX,Huang_UT02_4,TB_setaria_12_0500,37.87225,-109.3427333,Diversity
XCCY,Huang_UT03_3,TB_setaria_12_0501,37.61705,-109.4770167,Diversity
XCCZ,Huang_MO03_2,TB_setaria_12_0467,38.93968333,-92.87155,Diversity
XCGA,Estep_ME012-1,TB_setaria_12_0123,44.28409,-93.29373,Diversity
XCGB,Estep_ME013-3,TB_setaria_12_0124,45.55244,-94.22726,Diversity
XCGC,Estep_ME014-1,TB_setaria_12_0125,46.03728,-95.83433,Diversity
XCGG,Estep_ME017-1,TB_setaria_12_0128,49.19226,-98.47718,Diversity
XCGH,Estep_ME021-1,TB_setaria_12_0132,49.59117,-98.8241,Diversity
XCGN,Estep_ME022-1,TB_setaria_12_0133,49.59578,-98.80132,Diversity
XCGO,Estep_ME023V-1,TB_setaria_12_0134,49.62839,-98.72547,Diversity
XCGP,Estep_ME026-1,TB_setaria_12_0137,49.65886,-98.80159,Diversity
XCGS,Estep_ME033V-1,TB_setaria_12_0146,49.68554,-98.61968,Diversity
XCGT,Estep_ME041-1,TB_setaria_12_0154,49.50261,-97.64426,Diversity
XCGU,Estep_ME046-1,TB_setaria_12_0159,49.50081,-98.02994,Diversity
XCGW,Estep_ME049V-1,TB_setaria_12_0163,45.40278,-97.02318,Diversity
XCGX,Estep_ME050V-1,TB_setaria_12_0165,44.66,-96.8174,Diversity
XCGY,Estep_ME051V-1,TB_setaria_12_0167,43.90858,-96.75929,Diversity
XCGZ,Estep_ME062-1,TB_setaria_12_0191,38.82356,-90.18184,Diversity
XCHA,Estep_ME074-1,TB_setaria_12_0192,#N/A,#N/A,Diversity
XCHB,Kellogg_1249-1,TB_setaria_12_0201,41.64819,-88.07844,Diversity
XCHC,TB_setaria_12_0205,TB_setaria_12_0205,54.830952,83.148279,Diversity
XCHG,TB_setaria_12_0206,TB_setaria_12_0206,56.223886,28.441429,Diversity
XGPA,MF23,TB_setaria_12_0292,46.46062,-117.01885,Diversity
XGPB,MF25,TB_setaria_12_0294,46.33914,-117.04884,Diversity
XGPC,MF27,TB_setaria_12_0296,46.04094,-117.25344,Diversity
XGPG,MF28,TB_setaria_12_0297,45.55232,-117.24785,Diversity
XGPH,MF29,TB_setaria_12_0298,45.32581,-118.01456,Diversity
XGPN,MF30,TB_setaria_12_0299,45.2085,-117.86142,Diversity
XGPO,MF32,TB_setaria_12_0301,44.67372,-117.99547,Diversity
XGPP,MF35,TB_setaria_12_0304,43.57206,-119.07975,Diversity
XGPS,MF36,TB_setaria_12_0305,43.78455,-118.27872,Diversity
XGPT,MF38,TB_setaria_12_0307,43.96857,-117.38221,Diversity
XGPU,MF39,TB_setaria_12_0308,44.03198,-116.98496,Diversity
XGPW,MF40,TB_setaria_12_0309,43.83647,-116.94662,Diversity
XGPX,MF41,TB_setaria_12_0310,43.44433,-116.57316,Diversity
XGPY,MF42,TB_setaria_12_0311,43.50305,-116.4938,Diversity
XGPZ,MF43,TB_setaria_12_0312,43.45879,-116.25426,Diversity
XGSA,MF44,TB_setaria_12_0313,42.76145,-114.88692,Diversity
XGSB,MF45,TB_setaria_12_0314,42.93453,-114.78152,Diversity
XGSC,MF46,TB_setaria_12_0315,42.72412,-114.49312,Diversity
XGSG,MF47,TB_setaria_12_0316,42.66378,-114.2741,Diversity
XGSH,MF48,TB_setaria_12_0317,42.50507,-113.4093,Diversity
XGSN,MF49,TB_setaria_12_0318,42.07483,-112.91133,Diversity
XGSO,MF50,TB_setaria_12_0319,41.55272,-112.06996,Diversity
XGSP,MF52,TB_setaria_12_0321,41.41777,-112.05244,Diversity
XGSS,MF54,TB_setaria_12_0323,41.412,-112.05254,Diversity
XGST,MF55,TB_setaria_12_0324,41.25253,-111.87881,Diversity
XGSU,MF56,TB_setaria_12_0325,41.16396,-112.11629,Diversity
XGSW,MF57,TB_setaria_12_0326,41.1612,-112.05478,Diversity
XGSX,MF58,TB_setaria_12_0327,40.59884,-112.4258,Diversity
XGSY,MF59,TB_setaria_12_0328,40.53426,-112.30599,Diversity
XGSZ,MF60,TB_setaria_12_0329,40.67105,-111.92073,Diversity
XGTA,MF61,TB_setaria_12_0330,41.08882,-112.11855,Diversity
XGTB,MF64,TB_setaria_12_0333,41.66185,-111.90003,Diversity
XGTC,MF65,TB_setaria_12_0334,41.7434,-111.79655,Diversity
XGTG,MF66,TB_setaria_12_0335,41.72233,-111.83573,Diversity
XGTH,MF67,TB_setaria_12_0336,41.94046,-111.81351,Diversity
XGTN,MF68,TB_setaria_12_0337,42.02792,-111.80898,Diversity
XGTO,MF69,TB_setaria_12_0338,42.07607,-111.85527,Diversity
XGTP,MF70,TB_setaria_12_0339,42.68338,-112.2363,Diversity
XGTS,MF71,TB_setaria_12_0340,42.8618,-112.43878,Diversity
XGTT,MF72,TB_setaria_12_0341,42.84663,-112.42219,Diversity
XGTU,MF73,TB_setaria_12_0342,43.21357,-112.3983,Diversity
XGTW,MF74,TB_setaria_12_0343,45.20508,-112.64948,Diversity
XGTX,MF75,TB_setaria_12_0344,45.52274,-112.70787,Diversity
XGTY,MF76,TB_setaria_12_0345,45.71786,-112.71038,Diversity
XGTZ,MF77,TB_setaria_12_0346,46.00726,-112.51675,Diversity
XGUA,MF78,TB_setaria_12_0347,47.65565,-116.70348,Diversity
XGUB,MF79,TB_setaria_12_0348,47.67236,-116.77063,Diversity
XGUC,MF80,TB_setaria_12_0349,47.55273,-117.40041,Diversity
XGUG,MF81,TB_setaria_12_0350,46.61655,-118.11749,Diversity
XGUH,MF82,TB_setaria_12_0351,46.29823,-117.92075,Diversity
XGUN,MF83,TB_setaria_12_0352,46.04811,-118.51066,Diversity
XGUO,MF84,TB_setaria_12_0353,46.07269,-118.79476,Diversity
XGUP,MF85,TB_setaria_12_0354,45.84015,-119.28967,Diversity
XGUS,MF86,TB_setaria_12_0355,45.8271,-119.31114,Diversity
XGUT,MF87,TB_setaria_12_0356,45.84211,-119.68988,Diversity
XGUU,MF88,TB_setaria_12_0357,45.59929,-121.18733,Diversity
XGUW,MF89,TB_setaria_12_0358,44.8774,-122.65508,Diversity
XGUX,MF90,TB_setaria_12_0359,45.51469,-122.6925,Diversity
XGUY,MF91,TB_setaria_12_0360,45.5179,-122.68682,Diversity
XGUZ,MF92,TB_setaria_12_0361,44.72243,-121.19638,Diversity
XSHP,MF93,TB_setaria_12_0362,44.63194,-121.13349,Diversity
XSHS,MF94,TB_setaria_12_0363,44.36109,-121.14068,Diversity
XSHT,MF95,TB_setaria_12_0364,44.09187,-121.3056,Diversity
XSHU,MF96,TB_setaria_12_0365,42.67776,-122.63301,Diversity
XSHW,MF97,TB_setaria_12_0366,42.21199,-122.72852,Diversity
XSHX,MF98,TB_setaria_12_0367,42.33012,-122.93838,Diversity
XSHY,MF99,TB_setaria_12_0368,42.38066,-123.46179,Diversity
XSHZ,MF107,TB_setaria_12_0376,37.80715,-119.80715,Diversity
XSNA,MF112,TB_setaria_12_0381,35.78482,-112.12958,Diversity
XSNB,MF113,TB_setaria_12_0382,37.19978,-112.98646,Diversity
XSNC,MF115,TB_setaria_12_0384,34.75742,-112.11179,Diversity
XSNG,MF3,TB_setaria_12_0272,46.30568,-117.90479,Diversity
XSNH,MF4,TB_setaria_12_0273,46.83926,-117.51254,Diversity
XSNN,MF7,TB_setaria_12_0276,46.79536,-118.50484,Diversity
XSNO,MF8,TB_setaria_12_0277,47.08713,-118.84506,Diversity
XSNP,MF15,TB_setaria_12_0284,47.09863,-120.69302,Diversity
XSNS,MF18,TB_setaria_12_0287,46.24886,-119.47778,Diversity
XSNT,MF19,TB_setaria_12_0288,46.2201,-119.79073,Diversity
XSNU,MF24,TB_setaria_12_0293,46.42052,-117.02132,Diversity
XSNW,MF26,TB_setaria_12_0295,46.13726,-117.13256,Diversity
XSNX,MF31,TB_setaria_12_0300,44.68031,-117.64728,Diversity
XTNA,Patrick_NA-2,TB_setaria_12_0210,52.398989,-101.114867,Diversity
XTNB,Patrick_NA-3-1,TB_setaria_12_0211,53.817287,-101.249167,Diversity
XTNG,TB_setaria_12_0223,TB_setaria_12_0223,39.512823,-119.812755,Diversity
XTNH,TB_setaria_12_0226,TB_setaria_12_0226,39.491291,-119.80559,Diversity
XTNN,TB_setaria_12_0227,TB_setaria_12_0227,39.491291,-119.80559,Diversity
XTNO,Patrick_NA-3-2,TB_setaria_12_0228,53.817274,-101.249063,Diversity
XTNP,Patrick_NA-3-3,TB_setaria_12_0229,53.817274,-101.249063,Diversity
XTNX,Patrick_NA-13-1,TB_setaria_12_0237,53.824444,-101.24769,Diversity
XTNY,Patrick_NA-13-2,TB_setaria_12_0238,53.824444,-101.24769,Diversity
XTNZ,Patrick_NA-14,TB_setaria_12_0239,49.809742,-94.530344,Diversity
XTOA,USDA_PI230134,TB_setaria_12_0264,33.012118,50.303421,Diversity
XTOB,Estep_ME073-1,TB_setaria_12_0386,38.82851,-90.18047,Diversity
XTOC,Estep_ME008v-1,TB_setaria_12_0387,41.55582,-91.54157,Diversity